"parish_id","parish","parish_normalized","source","year_start","year_end","images","doctype","date","classification","classification_normalized"
1,"Ahlainen","ahlainen","AP",1805,1836,88,"muuttaneet",27.02.2012,"Handrawn in/out","handrawn in/out"
1,"Ahlainen","ahlainen","MKO1-3",1837,1887,89,"muuttaneet",02.03.2011,"Handrawn in/out","handrawn in/out"
1,"Ahlainen","ahlainen","MKO4",1888,1897,26,"muuttaneet",05.12.2010,"Handrawn in/out","handrawn in/out"
1,"Ahlainen","ahlainen","MKO5",1898,1903,30,"muuttaneet",05.12.2010,"print 45","print 45"
3,"Akaa","akaa","AP",1807,1836,65,"muuttaneet",25.05.2023,"Handrawn in/out","handrawn in/out"
3,"Akaa","akaa","AP",1833,1889,71,"muuttaneet",01.07.2015,"Handrawn in","handrawn in"
3,"Akaa","akaa","MKO1-2",1833,1886,60,"muuttaneet",06.01.2011,"Handrawn in","handrawn in"
3,"Akaa","akaa","AP",1837,1876,46,"muuttaneet",01.07.2015,"Handrawn out","handrawn out"
3,"Akaa","akaa","MKO24-25",1837,1876,44,"muuttaneet",06.01.2011,"Handrawn out","handrawn out"
3,"Akaa","akaa","AP",1876,1889,28,"muuttaneet",01.07.2015,"Handrawn out","handrawn out"
3,"Akaa","akaa","MKO26",1876,1886,13,"muuttaneet",06.01.2011,"Handrawn out","handrawn out"
3,"Akaa","akaa","MKO26",1887,1889,9,"muuttaneet",06.01.2011,"Handrawn out","handrawn out"
3,"Akaa","akaa","MKO3",1887,1889,5,"muuttaneet",06.01.2011,"Handrawn in","handrawn in"
3,"Akaa","akaa","AP",1888,1909,186,"muuttaneet",01.07.2015,"Print 3","print 3"
3,"Akaa","akaa","MKO4-9",1888,1909,180,"muuttaneet",06.01.2011,"Print 3","print 3"
3,"Akaa","akaa","AP_SIS",1910,1914,68,"muuttaneet",01.07.2015,"Print 2","print 2"
3,"Akaa","akaa","AP_ULOS",1910,1914,54,"muuttaneet",01.07.2015,"print 7","print 7"
4,"Alahärmä","alaharma",66628,1806,1844,200,"muuttaneet",30.04.2009,"Handrawn misc:6-9, halfbook misc:10-199","handrawn misc:6-9, halfbook misc:10-199"
4,"Alahärmä","alaharma","MKO7-10",1845,1884,100,"muuttaneet",30.04.2009,"Handrawn misc","handrawn misc"
4,"Alahärmä","alaharma","MKO10-12",1885,1904,60,"muuttaneet",30.04.2009,"Print 3","print 3"
5,"Alajärvi","alajarvi","UK84",1805,1819,22,"muuttaneet",12.07.2011,"Handrawn in/out","handrawn in/out"
5,"Alajärvi","alajarvi","UK84",1837,1862,94,"muuttaneet",14.09.2010,"Halfbook misc","halfbook misc"
5,"Alajärvi","alajarvi","MKO436",1862,1876,30,"muuttaneet",09.07.2014,"Halfbook in/out:1-8, handrawn in/out:9-30","halfbook in/out:1-8, handrawn in/out:9-30"
5,"Alajärvi","alajarvi","MKO437",1877,1890,18,"muuttaneet",21.01.2015,"Handrawn in/out","handrawn in/out"
5,"Alajärvi","alajarvi","MKO437-438",1890,1908,30,"muuttaneet",21.01.2015,"Handrawn misc","handrawn misc"
6,"Alastaro","alastaro","AP",1806,1841,91,"muuttaneet",05.06.2018,"Handrawn in/out","handrawn in/out"
7,"Alatornio - Nedertorneå","alatornio","IK211",1814,1817,58,"muuttaneet",20.01.2007,"Handrawn in/out","handrawn in/out"
7,"Alatornio - Nedertorneå","alatornio","IK211-212",1817,1838,180,"muuttaneet",20.01.2007,"Handrawn misc","handrawn misc"
7,"Alatornio - Nedertorneå","alatornio","IK212",1838,1857,182,"muuttaneet",18.01.2007,"Handrawn in/out","handrawn in/out"
7,"Alatornio - Nedertorneå","alatornio","IK212",1858,1877,144,"muuttaneet",18.01.2007,"Handrawn in/out","handrawn in/out"
8,"Alaveteli - Nedervetil","alaveteli","AP",1807,1814,14,"muuttaneet",13.05.2021,"Handrawn in/out","handrawn in/out"
8,"Alaveteli - Nedervetil","alaveteli","AP",1818,1847,35,"muuttaneet",13.05.2021,"Handrawn in/out","handrawn in/out"
8,"Alaveteli - Nedervetil","alaveteli","AP",1848,1879,69,"muuttaneet",13.05.2021,"Handrawn misc","handrawn misc"
8,"Alaveteli - Nedervetil","alaveteli","AP",1890,1953,89,"muuttaneet",13.05.2021,"Handrawn in/out","handrawn in/out"
9,"Alavieska","alavieska","MKO1-2",1807,1840,41,"muuttaneet",03.04.2015,"Handrawn misc","handrawn misc"
9,"Alavieska","alavieska","MKO3-4",1841,1880,46,"muuttaneet",03.04.2015,"Handrawn out/in","handrawn out/in"
9,"Alavieska","alavieska","MKO5",1881,1890,13,"muuttaneet",03.04.2015,"Print 1","print 1"
9,"Alavieska","alavieska","MKO8",1881,1890,16,"muuttaneet",03.04.2015,"Print 17","print 17"
9,"Alavieska","alavieska","MKO5",1890,1899,17,"muuttaneet",03.04.2015,"Print 1","print 1"
9,"Alavieska","alavieska","MKO8",1891,1899,14,"muuttaneet",03.04.2015,"Print 17 ","print 17 "
10,"Alavus","alavus","UK319",1810,1860,98,"muuttaneet",29.01.2009,"Handrawn misc:1-69, halfbook misc:70-98","handrawn misc:1-69, halfbook misc:70-98"
10,"Alavus","alavus","UK319",1849,1879,59,"muuttaneet",29.01.2009,"empty:1-6, handrawn in:7-58","empty:1-6, handrawn in:7-58"
10,"Alavus","alavus","MKO515-516",1860,1879,38,"muuttaneet",24.11.2011,"Halfbook misc:1-32, handrawn misc:33-38","halfbook misc:1-32, handrawn misc:33-38"
10,"Alavus","alavus","AP",1880,1911,260,"muuttaneet",19.12.2023,"Print 3","print 3"
10,"Alavus","alavus","MKO517-518",1880,1884,35,"muuttaneet",23.01.2009,"Print 3","print 3"
10,"Alavus","alavus","MKO518-523",1885,1911,175,"muuttaneet",23.01.2009,"Print 3","print 3"
10,"Alavus","alavus","AP",1912,1922,45,"muuttaneet",19.12.2023,"Print 45","print 45"
11,"Angelniemi","angelniemi","MKO130-131",1801,1835,49,"muuttaneet",01.01.2010,"Handrawn in/out","handrawn in/out"
11,"Angelniemi","angelniemi","AP",1836,1890,105,"muuttaneet",31.08.2019,"Handrawn in/out","handrawn in/out"
11,"Angelniemi","angelniemi","MKO132-134",1836,1885,90,"muuttaneet",01.01.2010,"Handrawn in/out","handrawn in/out"
11,"Angelniemi","angelniemi","MKO135",1885,1888,5,"muuttaneet",28.09.2013,"Handrawn in/out","handrawn in/out"
11,"Angelniemi","angelniemi","MKO135",1886,1890,8,"muuttaneet",01.01.2010,"Handrawn in/out","handrawn in/out"
11,"Angelniemi","angelniemi","MKO135",1888,1891,4,"muuttaneet",28.09.2013,"Handrawn in/out","handrawn in/out"
11,"Angelniemi","angelniemi","AP",1891,1908,117,"muuttaneet",07.01.2018,"wrong:1-70, print 45:71-117","wrong:1-70, print 45:71-117"
11,"Angelniemi","angelniemi","MKO136-137",1891,1908,48,"muuttaneet",10.07.2009,"Print 45","print 45"
11,"Angelniemi","angelniemi","AP",1909,1953,148,"muuttaneet",07.01.2018,"Print 45","print 45"
12,"Anjala","anjala","MKO49-50",1861,1863,48,"muuttaneet",15.11.2012,"Free text out","free text out"
12,"Anjala","anjala","MKO51-52",1864,1868,44,"muuttaneet",15.11.2012,"Free text out:1-28, handrawn out:29-33, halfbook out:34-44","free text out:1-28, handrawn out:29-33, halfbook out:34-44"
12,"Anjala","anjala","MKO48",1866,1877,12,"muuttaneet",15.11.2012,"Handrawn in","handrawn in"
12,"Anjala","anjala","MKO53",1869,1873,28,"muuttaneet",15.11.2012,"Free text out","free text out"
12,"Anjala","anjala","MKO54",1874,1878,25,"muuttaneet",15.11.2012,"Free text out:1-16, handrawn out:17-23, free text out:24-25","free text out:1-16, handrawn out:17-23, free text out:24-25"
12,"Anjala","anjala","MKO55",1878,1880,9,"muuttaneet",15.11.2012,"Handrawn out","handrawn out"
12,"Anjala","anjala","MKO56",1880,1887,25,"muuttaneet",15.11.2012,"Print 3","print 3"
12,"Anjala","anjala","MKO56-57",1888,1889,6,"muuttaneet",15.11.2012,"Print 3","print 3"
12,"Anjala","anjala","AP",1890,1922,119,"muuttaneet",15.03.2023,"Print 10","print 10"
12,"Anjala","anjala","MKO58",1890,1913,30,"muuttaneet",18.06.2015,"Print 10","print 10"
12,"Anjala","anjala","MKO64",1890,1911,30,"muuttaneet",18.06.2015,"Print 7","print 7"
14,"Anttola","anttola","MKO1-3",1871,1889,87,"muuttaneet",09.07.2014,"Handrawn out/in","handrawn out/in"
14,"Anttola","anttola","MKO3-5",1890,1904,63,"muuttaneet",09.07.2014,"Handrawn misc","handrawn misc"
15,"Artjärvi - Artsjö","artjarvi","TK796",1741,1747,10,"muuttaneet",08.04.2007,"Print 33","print 33"
15,"Artjärvi - Artsjö","artjarvi","AP",1868,1881,31,"muuttaneet",02.10.2017,"Handrawn in/out","handrawn in/out"
15,"Artjärvi - Artsjö","artjarvi","MKO220",1868,1881,27,"muuttaneet",21.01.2015,"Handrawn in/out","handrawn in/out"
15,"Artjärvi - Artsjö","artjarvi","AP",1882,1892,31,"muuttaneet",02.10.2017,"Handrawn in/out","handrawn in/out"
15,"Artjärvi - Artsjö","artjarvi","MKO221",1882,1890,26,"muuttaneet",21.01.2015,"Handrawn in/out","handrawn in/out"
15,"Artjärvi - Artsjö","artjarvi","MKO221-223",1891,1902,36,"muuttaneet",21.01.2015,"Handrawn in/out","handrawn in/out"
15,"Artjärvi - Artsjö","artjarvi","AP",1892,1902,34,"muuttaneet",02.10.2017,"Handrawn in/out","handrawn in/out"
15,"Artjärvi - Artsjö","artjarvi","AP",1903,1932,107,"muuttaneet",02.10.2017,"Print 2","print 2"
16,"Asikkala","asikkala","MKO1-3",1870,1885,45,"muuttaneet",21.10.2010,"Handrawn in/out:1-21, Print 3:22-45","handrawn in/out:1-21, print 3:22-45"
16,"Asikkala","asikkala","MKO3",1886,1890,17,"muuttaneet",21.10.2010,"Print 3","print 3"
16,"Asikkala","asikkala","MKO28",1890,1898,30,"muuttaneet",21.10.2010,"print 7","print 7"
16,"Asikkala","asikkala","MKO4",1890,1905,30,"muuttaneet",01.12.2010,"Print 10","print 10"
16,"Asikkala","asikkala","MKO29",1898,1906,30,"muuttaneet",01.12.2010,"Print 7","print 7"
17,"Askainen - Villnäs","askainen","AP",1845,1887,39,"muuttaneet",19.11.2012,"Free text","free text"
17,"Askainen - Villnäs","askainen","MKO1-2",1888,1910,60,"muuttaneet",26.02.2012,"Print 3","print 3"
18,"Askola","askola","AP_SIS",1871,1914,53,"muuttaneet",30.11.2022,"Handrawn misc","handrawn misc"
18,"Askola","askola","AP_ULOS",1871,1914,58,"muuttaneet",30.11.2022,"Handrawn out","handrawn out"
18,"Askola","askola","MKO247",1871,1884,18,"muuttaneet",23.11.2008,"Handrawn out","handrawn out"
18,"Askola","askola","MKO247",1885,1894,12,"muuttaneet",23.11.2008,"Handrawn out","handrawn out"
18,"Askola","askola","AP_SIS",1915,1930,19,"muuttaneet",30.11.2022,"Print 2","print 2"
18,"Askola","askola","AP_ULOS",1915,1929,20,"muuttaneet",30.11.2022,"Print 7","print 7"
19,"Aura","aura","MKO1-2",1820,1865,50,"muuttaneet",01.10.2013,"Handrawn in/out","handrawn in/out"
19,"Aura","aura","MKO3",1866,1888,28,"muuttaneet",01.10.2013,"Handrawn in/out","handrawn in/out"
19,"Aura","aura","MKO3-4",1888,1892,7,"muuttaneet",01.10.2013,"Handrawn in/out","handrawn in/out"
19,"Aura","aura","MKO5",1893,1905,30,"muuttaneet",01.10.2013,"Print 45","print 45"
20,"Bergö","bergo","UK661_SIS",1850,1900,14,"muuttaneet",21.09.2021,"Handrawn in","handrawn in"
20,"Bergö","bergo","UK661_ULOS",1850,1900,14,"muuttaneet",21.09.2021,"Handrawn out","handrawn out"
22,"Bromarv","bromarv","AP",1805,1837,204,"muuttaneet",14.12.2021,"Handrawn misc","handrawn misc"
22,"Bromarv","bromarv","KK61-62",1805,1837,211,"muuttaneet",14.03.2010,"Handrawn misc","handrawn misc"
22,"Bromarv","bromarv","AP",1838,1880,165,"muuttaneet",01.03.2018,"Handrawn out/in","handrawn out/in"
22,"Bromarv","bromarv","KK62",1838,1880,165,"muuttaneet",14.03.2010,"Handrawn out/in","handrawn out/in"
22,"Bromarv","bromarv","AP",1881,1893,40,"muuttaneet",01.03.2018,"Print 3","print 3"
22,"Bromarv","bromarv","AP",1894,1905,51,"muuttaneet",01.03.2018,"Print 3","print 3"
22,"Bromarv","bromarv","AP_SIS",1906,1922,18,"muuttaneet",01.03.2018,"Print 2","print 2"
22,"Bromarv","bromarv","AP_ULOS",1906,1922,24,"muuttaneet",02.03.2018,"Print 7","print 7"
25,"Degerby","degerby","AP",1865,1892,49,"muuttaneet",21.12.2016,"Handrawn in/out","handrawn in/out"
25,"Degerby","degerby","MKO110-111",1865,1889,42,"muuttaneet",22.12.2014,"Handrawn in/out","handrawn in/out"
25,"Degerby","degerby","MKO111",1890,1903,18,"muuttaneet",22.12.2014,"Handrawn misc","handrawn misc"
25,"Degerby","degerby","AP",1892,1912,35,"muuttaneet",21.12.2016,"Handrawn misc","handrawn misc"
25,"Degerby","degerby","AP_SIS",1912,1915,9,"muuttaneet",21.12.2016,"Print 2","print 2"
25,"Degerby","degerby","AP_ULOS",1912,1915,9,"muuttaneet",21.12.2016,"Print 7","print 7"
26,"Dragsfjärd","dragsfjard","AP",1803,1862,140,"muuttaneet",20.05.2014,"Handrawn in/out","handrawn in/out"
26,"Dragsfjärd","dragsfjard","JK627",1803,1862,140,"muuttaneet",29.12.2009,"Handrawn in/out","handrawn in/out"
26,"Dragsfjärd","dragsfjard","AP",1863,1912,198,"muuttaneet",05.03.2020,"Print 13b","print 13b"
26,"Dragsfjärd","dragsfjard","AP",1913,1937,111,"muuttaneet",05.03.2020,"Print 14","print 14"
29,"Elimäki","elimaki","MKO1-4",1875,1887,97,"muuttaneet",14.05.2012,"Print 3","print 3"
29,"Elimäki","elimaki","MKO4-7",1888,1896,89,"muuttaneet",14.05.2012,"Print 3","print 3"
29,"Elimäki","elimaki","AP_SIS",1897,1922,71,"muuttaneet",04.09.2023,"Print 10","print 10"
29,"Elimäki","elimaki","AP_ULOS",1897,1922,88,"muuttaneet",04.09.2023,"Print 7","print 7"
29,"Elimäki","elimaki","MKO11",1897,1902,30,"muuttaneet",14.05.2012,"Print 7","print 7"
29,"Elimäki","elimaki","MKO8",1897,1904,30,"muuttaneet",14.05.2012,"Print 10","print 10"
30,"Eno","eno","MKO1",1865,1880,21,"muuttaneet",22.04.2008,"Handrawn out","handrawn out"
30,"Eno","eno","MKO2",1881,1891,24,"muuttaneet",08.09.2016,"Print 1","print 1"
30,"Eno","eno","MKO29",1881,1891,28,"muuttaneet",08.09.2016,"Print 17","print 17"
30,"Eno","eno","MKO2-4",1892,1908,66,"muuttaneet",08.09.2016,"Print 1","print 1"
30,"Eno","eno","MKO29-31",1892,1907,62,"muuttaneet",08.09.2016,"Print 17","print 17"
30,"Eno","eno","MKO32-33",1907,1914,46,"muuttaneet",15.06.2017,"Print 17","print 17"
30,"Eno","eno","MKO5-6",1908,1914,40,"muuttaneet",15.06.2017,"Print 1","print 1"
30,"Eno","eno","MKO7",1915,1920,30,"muuttaneet",15.06.2017,"Print 15","print 15"
31,"Enonkoski","enonkoski","AP",1878,1890,24,"muuttaneet",18.09.2021,"Handrawn in/out","handrawn in/out"
32,"Enontekiö - Enontekis","enontekio","MKO1",1856,1879,19,"muuttaneet",08.12.2008,"Handrawn in/out","handrawn in/out"
32,"Enontekiö - Enontekis","enontekio","MKO2-3",1880,1910,26,"muuttaneet",08.12.2008,"Handrawn misc","handrawn misc"
33,"Ensimmäinen Suomen meriekipaasi - Första finska sjöekipaget","ensimmainen_suomen_meriekipaasi","ES172",1854,1880,33,"muuttaneet",18.04.2010,"Handrawn in","handrawn in"
33,"Ensimmäinen Suomen meriekipaasi - Första finska sjöekipaget","ensimmainen_suomen_meriekipaasi","ES172",1854,1881,44,"muuttaneet",18.04.2010,"Handrawn out","handrawn out"
34,"Eräjärvi","erajarvi","TK113",1825,1884,64,"muuttaneet",29.03.2009,"Handrawn misc","handrawn misc"
34,"Eräjärvi","erajarvi","TK113",1885,1890,10,"muuttaneet",29.03.2009,"Handrawn in/out","handrawn in/out"
34,"Eräjärvi","erajarvi","MKO132",1891,1905,30,"muuttaneet",15.07.2009,"Print 45","print 45"
35,"Espoo - Esbo","espoo","AP",1805,1851,170,"muuttaneet",15.04.2021,"Handrawn out/in","handrawn out/in"
35,"Espoo - Esbo","espoo","AP",1852,1891,168,"muuttaneet",29.03.2018,"Handrawn out/in","handrawn out/in"
35,"Espoo - Esbo","espoo","AP",1892,1926,139,"muuttaneet",29.03.2018,"Handrawn in/out","handrawn in/out"
35,"Espoo - Esbo","espoo","AP",1901,1926,95,"muuttaneet",29.03.2018,"Handrawn in","handrawn in"
36,"Eura","eura","AP",1804,1841,138,"muuttaneet",03.11.2016,"Handrawn in/out","handrawn in/out"
36,"Eura","eura","JK269-270",1804,1841,149,"muuttaneet",23.08.2009,"Handrawn in/out","handrawn in/out"
36,"Eura","eura","AP",1836,1875,47,"muuttaneet",03.11.2016,"Handrawn","handrawn"
36,"Eura","eura","MKO1-3",1842,1860,87,"muuttaneet",19.06.2009,"Handrawn in/out","handrawn in/out"
36,"Eura","eura","AP",1861,1886,90,"muuttaneet",18.07.2011,"Handrawn in/out","handrawn in/out"
36,"Eura","eura","MKO4-6",1861,1883,68,"muuttaneet",19.06.2009,"Handrawn in/out","handrawn in/out"
36,"Eura","eura","MKO6-7",1884,1902,52,"muuttaneet",19.06.2009,"Handrawn in/out","handrawn in/out"
36,"Eura","eura","AP",1887,1910,58,"muuttaneet",18.07.2011,"Handrawn in/out","handrawn in/out"
36,"Eura","eura","AP",1913,1914,53,"muuttaneet",17.09.2015,"Print 45","print 45"
38,"Eurajoki - Euraåminne","eurajoki","AP",1777,1804,53,"muuttaneet",18.09.2013,"Handrawn out","handrawn out"
38,"Eurajoki - Euraåminne","eurajoki","AP",1805,1822,95,"muuttaneet",18.09.2013,"Handrawn misc","handrawn misc"
38,"Eurajoki - Euraåminne","eurajoki","AP",1823,1850,142,"muuttaneet",18.09.2013,"Handrawn in/out","handrawn in/out"
38,"Eurajoki - Euraåminne","eurajoki","AP",1851,1887,127,"muuttaneet",18.09.2013,"Handrawn in/out","handrawn in/out"
38,"Eurajoki - Euraåminne","eurajoki","MKO1-4",1851,1886,120,"muuttaneet",28.03.2010,"Handrawn in/out","handrawn in/out"
38,"Eurajoki - Euraåminne","eurajoki","MKO5-8",1886,1909,95,"muuttaneet",12.11.2010,"Handrawn in/out","handrawn in/out"
38,"Eurajoki - Euraåminne","eurajoki","AP",1888,1909,91,"muuttaneet",18.09.2013,"Handrawn in/out","handrawn in/out"
38,"Eurajoki - Euraåminne","eurajoki","AP",1910,1912,51,"muuttaneet",18.09.2013,"Print 55","print 55"
38,"Eurajoki - Euraåminne","eurajoki","MKO9",1910,1910,6,"muuttaneet",12.11.2010,"Print 55","print 55"
38,"Eurajoki - Euraåminne","eurajoki","MKO9",1910,1914,30,"muuttaneet",10.01.2015,"Print 55","print 55"
39,"Evijärvi","evijarvi","AP",1837,1889,106,"muuttaneet",06.10.2022,"Handrawn in/out","handrawn in/out"
39,"Evijärvi","evijarvi","MKO8-11",1837,1886,91,"muuttaneet",10.11.2010,"Handrawn in/out","handrawn in/out"
39,"Evijärvi","evijarvi","MKO11",1886,1889,14,"muuttaneet",10.11.2010,"Handrawn misc","handrawn misc"
39,"Evijärvi","evijarvi","AP",1890,1916,50,"muuttaneet",06.10.2022,"Handrawn in/out","handrawn in/out"
39,"Evijärvi","evijarvi","MKO12",1890,1901,30,"muuttaneet",10.11.2010,"Handrawn in/out","handrawn in/out"
39,"Evijärvi","evijarvi","AP",1917,1921,8,"muuttaneet",06.10.2022,"Print 45","print 45"
40,"Fagervik","fagervik","ES138",1811,1820,16,"muuttaneet",02.05.2008,"Handrawn in/out","handrawn in/out"
40,"Fagervik","fagervik","AP",1822,1884,56,"muuttaneet",24.11.2016,"Handrawn in/out","handrawn in/out"
40,"Fagervik","fagervik","ES138",1822,1884,55,"muuttaneet",02.05.2008,"Handrawn in/out","handrawn in/out"
40,"Fagervik","fagervik","AP",1885,1891,10,"muuttaneet",24.11.2016,"Handrawn in/out","handrawn in/out"
40,"Fagervik","fagervik","MKO48",1885,1891,4,"muuttaneet",17.01.2015,"Handrawn in/out","handrawn in/out"
48,"Haapajärvi","haapajarvi","AP",1807,1854,61,"muuttaneet",14.03.2022,"Handrawn in/out","handrawn in/out"
48,"Haapajärvi","haapajarvi","IK154",1807,1854,52,"muuttaneet",23.10.2008,"Handrawn in/out","handrawn in/out"
48,"Haapajärvi","haapajarvi","AP",1856,1880,37,"muuttaneet",14.03.2022,"Handrawn in/out","handrawn in/out"
48,"Haapajärvi","haapajarvi","IK154",1856,1880,34,"muuttaneet",23.10.2008,"Handrawn in/out","handrawn in/out"
48,"Haapajärvi","haapajarvi","AP",1881,1924,264,"muuttaneet",04.03.2022,"Print 17","print 17"
48,"Haapajärvi","haapajarvi","MKO10",1881,1885,14,"muuttaneet",12.12.2010,"Print 1","print 1"
48,"Haapajärvi","haapajarvi","MKO5",1881,1886,13,"muuttaneet",12.12.2010,"Print 17","print 17"
48,"Haapajärvi","haapajarvi","MKO10-11",1886,1903,46,"muuttaneet",12.12.2010,"Print 1","print 1"
48,"Haapajärvi","haapajarvi","MKO5-6",1886,1904,47,"muuttaneet",12.12.2010,"Print 17","print 17"
50,"Haapavesi","haapavesi","AP",1903,1922,137,"muuttaneet",14.12.2023,"Print 16","print 16"
52,"Halikko","halikko","JK309-310",1801,1848,264,"muuttaneet",10.07.2009,"Halfbook:1-20, handrawn:21-264","halfbook:1-20, handrawn:21-264"
52,"Halikko","halikko","AP",1849,1887,126,"muuttaneet",18.03.2012,"Handrawn in/out","handrawn in/out"
52,"Halikko","halikko","JK310",1849,1884,114,"muuttaneet",10.07.2009,"Handrawn in/out","handrawn in/out"
52,"Halikko","halikko","JK310",1885,1894,44,"muuttaneet",10.07.2009,"Handrawn in/out","handrawn in/out"
52,"Halikko","halikko","AP",1887,1894,33,"muuttaneet",18.03.2012,"Handrawn in/out","handrawn in/out"
52,"Halikko","halikko","AP",1895,1916,143,"muuttaneet",07.01.2018,"Print 45","print 45"
52,"Halikko","halikko","MKO647-648",1895,1905,60,"muuttaneet",10.07.2009,"Print 45","print 45"
52,"Halikko","halikko","AP",1917,1948,308,"muuttaneet",07.01.2018,"Print 45","print 45"
53,"Halsua - Halso","halsua","AP",1865,1908,58,"muuttaneet",06.04.2023,"Handrawn in/out","handrawn in/out"
53,"Halsua - Halso","halsua","MKO118",1865,1890,22,"muuttaneet",09.02.2015,"Handrawn in/out","handrawn in/out"
53,"Halsua - Halso","halsua","MKO118-119",1891,1908,25,"muuttaneet",09.02.2015,"Handrawn in/out","handrawn in/out"
53,"Halsua - Halso","halsua","AP",1909,1922,19,"muuttaneet",06.04.2023,"Handrawn in/out","handrawn in/out"
734,"Hamina - Fredrikshamn","hamina","MKO180-183",1861,1890,116,"muuttaneet",14.04.2015,"Handrawn out","handrawn out"
734,"Hamina - Fredrikshamn","hamina","AP",1890,1922,149,"muuttaneet",17.10.2023,"Print 10","print 10"
734,"Hamina - Fredrikshamn","hamina","MKO184",1890,1901,30,"muuttaneet",14.04.2015,"Print 10","print 10"
734,"Hamina - Fredrikshamn","hamina","MKO188",1890,1902,30,"muuttaneet",14.04.2015,"Print 7","print 7"
734,"Hamina - Fredrikshamn","hamina","MKO185",1901,1916,30,"muuttaneet",21.12.2016,"Print 10","print 10"
734,"Hamina - Fredrikshamn","hamina","MKO189",1903,1916,30,"muuttaneet",21.12.2016,"Print 7","print 7"
58,"Hankasalmi","hankasalmi","TK1135",1801,1858,44,"muuttaneet",13.04.2006,"Handrawn misc","handrawn misc"
58,"Hankasalmi","hankasalmi","TK1135",1854,1881,24,"muuttaneet",13.04.2006,"Handrawn in","handrawn in"
58,"Hankasalmi","hankasalmi","AP_ULOS",1870,1881,65,"muuttaneet",17.07.2016,"Free text:1-28, Handrawn:29-31, free text:32-65","free text:1-28, handrawn:29-31, free text:32-65"
58,"Hankasalmi","hankasalmi","AP_SIS",1882,1891,29,"muuttaneet",17.07.2016,"Print 1","print 1"
58,"Hankasalmi","hankasalmi","AP_ULOS",1882,1891,37,"muuttaneet",17.07.2016,"Print 17","print 17"
58,"Hankasalmi","hankasalmi","AP_SIS",1892,1915,68,"muuttaneet",17.07.2016,"Print 1","print 1"
58,"Hankasalmi","hankasalmi","AP_ULOS",1892,1915,122,"muuttaneet",17.07.2016,"Print 17","print 17"
57,"Hanko - Hangö","hanko","KSRK_AP",1884,1898,94,"muuttaneet",21.04.2020,"Print 3","print 3"
57,"Hanko - Hangö","hanko","KSRK_AP_SIS",1899,1919,89,"muuttaneet",21.04.2020,"Print 10","print 10"
57,"Hanko - Hangö","hanko","KSRK_AP_ULOS",1899,1919,85,"muuttaneet",21.04.2020,"Print 7","print 7"
57,"Hanko - Hangö","hanko","MSRK_AP_SIS",1910,1919,17,"muuttaneet",21.04.2020,"Print 7","print 7"
57,"Hanko - Hangö","hanko","MSRK_AP_ULOS",1910,1919,15,"muuttaneet",21.04.2020,"Print 7","print 7"
59,"Harjavalta","harjavalta","AP",1889,1911,49,"muuttaneet",15.11.2011,"Print 45","print 45"
59,"Harjavalta","harjavalta","MKO1",1889,1908,30,"muuttaneet",23.01.2009,"Print 45","print 45"
62,"Hartola - Gustav Adolfs","hartola","MKO1-7",1851,1883,165,"muuttaneet",31.01.2008,"Free text","free text"
62,"Hartola - Gustav Adolfs","hartola","MKO7-12",1884,1905,138,"muuttaneet",31.01.2008,"Print 3","print 3"
62,"Hartola - Gustav Adolfs","hartola","AP",1900,1908,105,"muuttaneet",27.03.2015,"Print 8","print 8"
62,"Hartola - Gustav Adolfs","hartola","AP",1909,1913,119,"muuttaneet",27.03.2015,"Print 46","print 46"
63,"Hattula","hattula","TK103",1806,1813,53,"muuttaneet",06.03.2011,"Handrawn misc","handrawn misc"
63,"Hattula","hattula","AP",1807,1813,47,"muuttaneet",10.01.2022,"Handrawn misc","handrawn misc"
63,"Hattula","hattula","AP",1814,1849,96,"muuttaneet",10.01.2022,"Handrawn in","handrawn in"
63,"Hattula","hattula","AP_ULOS",1847,1890,95,"muuttaneet",10.01.2022,"Handrawn out","handrawn out"
63,"Hattula","hattula","MKO335-337",1847,1886,73,"muuttaneet",30.07.2011,"Handrawn out","handrawn out"
63,"Hattula","hattula","AP_SIS",1850,1890,86,"muuttaneet",10.01.2022,"Handrawn in","handrawn in"
63,"Hattula","hattula","MKO332-334",1850,1886,69,"muuttaneet",30.07.2011,"Handrawn in","handrawn in"
63,"Hattula","hattula","MKO334",1887,1890,12,"muuttaneet",30.07.2011,"Handrawn in","handrawn in"
63,"Hattula","hattula","MKO337",1887,1890,11,"muuttaneet",30.07.2011,"Handrawn out","handrawn out"
63,"Hattula","hattula","MKO338",1891,1898,30,"muuttaneet",30.07.2011,"Print 45","print 45"
64,"Hauho","hauho","AP",1805,1889,118,"muuttaneet",24.03.2022,"Print 3","print 3"
64,"Hauho","hauho","MKO364-366",1805,1871,80,"muuttaneet",06.08.2011,"Print 3","print 3"
64,"Hauho","hauho","AP",1872,1880,216,"muuttaneet",24.03.2022,"handrawn misc","handrawn misc"
64,"Hauho","hauho","MKO368-374",1872,1880,207,"muuttaneet",06.08.2011,"handrawn misc:1-50, halfbook:51-200, handrawn:201-207","handrawn misc:1-50, halfbook:51-200, handrawn:201-207"
64,"Hauho","hauho","MKO367",1881,1886,18,"muuttaneet",06.08.2011,"Print 3","print 3"
64,"Hauho","hauho","MKO367",1887,1889,11,"muuttaneet",06.08.2011,"Print 3","print 3"
64,"Hauho","hauho","AP_SIS",1890,1946,157,"muuttaneet",24.03.2022,"Print 10","print 10"
64,"Hauho","hauho","AP_ULOS",1890,1937,152,"muuttaneet",24.03.2022,"print 7","print 7"
65,"Haukipudas","haukipudas","MKO451-453",1805,1857,67,"muuttaneet",26.11.2006,"handrawn misc","handrawn misc"
65,"Haukipudas","haukipudas","MKO454",1855,1879,30,"muuttaneet",26.11.2006,"handrawn misc","handrawn misc"
65,"Haukipudas","haukipudas","MKO455",1880,1891,27,"muuttaneet",21.07.2016,"Print 1","print 1"
65,"Haukipudas","haukipudas","MKO460-461",1880,1891,32,"muuttaneet",21.07.2016,"Print 17","print 17"
65,"Haukipudas","haukipudas","MKO455-457",1892,1907,63,"muuttaneet",21.07.2016,"Print 1","print 1"
65,"Haukipudas","haukipudas","MKO461",1892,1903,28,"muuttaneet",21.07.2016,"Print 17","print 17"
66,"Haukivuori","haukivuori","MKO1-2",1820,1877,54,"muuttaneet",10.11.2011,"handrawn misc","handrawn misc"
66,"Haukivuori","haukivuori","MKO10",1877,1887,14,"muuttaneet",10.11.2011,"handrawn out","handrawn out"
66,"Haukivuori","haukivuori","MKO3",1877,1887,9,"muuttaneet",10.11.2011,"handrawn in","handrawn in"
66,"Haukivuori","haukivuori","MKO10",1887,1894,15,"muuttaneet",10.11.2011,"handrawn","handrawn"
66,"Haukivuori","haukivuori","MKO3",1887,1894,9,"muuttaneet",10.11.2011,"handrawn","handrawn"
67,"Hausjärvi","hausjarvi","AP",1805,1843,115,"muuttaneet",25.04.2022,"halfbook in","halfbook in"
67,"Hausjärvi","hausjarvi","TK262",1805,1843,122,"muuttaneet",27.08.2009,"halfbook in","halfbook in"
67,"Hausjärvi","hausjarvi","TK262-263",1805,1843,127,"muuttaneet",11.03.2010,"halfbook out","halfbook out"
67,"Hausjärvi","hausjarvi","TK263",1844,1879,101,"muuttaneet",11.03.2010,"halfbook:1-66, handrawn:67-100","halfbook:1-66, handrawn:67-100"
67,"Hausjärvi","hausjarvi","TK263",1844,1870,95,"muuttaneet",11.03.2010,"halfbook:1-85, handrawn out:86-95","halfbook:1-85, handrawn out:86-95"
67,"Hausjärvi","hausjarvi","MKO514",1871,1886,19,"muuttaneet",06.03.2011,"handrawn out","handrawn out"
67,"Hausjärvi","hausjarvi","MKO498",1880,1886,11,"muuttaneet",06.03.2011,"handrawn in","handrawn in"
67,"Hausjärvi","hausjarvi","MKO498",1887,1891,11,"muuttaneet",06.03.2011,"handrawn in","handrawn in"
67,"Hausjärvi","hausjarvi","MKO514",1887,1891,11,"muuttaneet",06.03.2011,"handrawn out","handrawn out"
67,"Hausjärvi","hausjarvi","MKO499-502",1892,1908,196,"muuttaneet",06.03.2011,"Print 45","print 45"
68,"Heinjoki","heinjoki","MKO174-175",1856,1890,36,"muuttaneet",03.04.2015,"handrawn misc","handrawn misc"
68,"Heinjoki","heinjoki","UK35",1859,1871,18,"muuttaneet",16.07.2008,"handrawn misc","handrawn misc"
68,"Heinjoki","heinjoki","MKO175",1891,1896,7,"muuttaneet",03.04.2015,"handrawn in/out","handrawn in/out"
70,"Heinola","heinola","MSRK_TK895",1841,1848,176,"muuttaneet",31.01.2007,"free text","free text"
70,"Heinola","heinola","MSRK_TK895",1849,1853,149,"muuttaneet",31.01.2007,"free text","free text"
70,"Heinola","heinola","MSRK_TK895",1854,1862,230,"muuttaneet",31.01.2007,"free text","free text"
70,"Heinola","heinola","MSRK_MKO1",1861,1870,26,"muuttaneet",24.09.2013,"free text","free text"
70,"Heinola","heinola","MSRK_MKO7-10",1861,1868,109,"muuttaneet",24.09.2013,"free text","free text"
70,"Heinola","heinola","MSRK_MKO10-15",1870,1889,136,"muuttaneet",24.09.2013,"free text","free text"
70,"Heinola","heinola","MSRK_MKO2-3",1874,1889,45,"muuttaneet",24.09.2013,"free text","free text"
70,"Heinola","heinola","MSRK_AP",1890,1919,203,"muuttaneet",27.05.2021,"Print 7","print 7"
70,"Heinola","heinola","MSRK_MKO16-18",1890,1908,90,"muuttaneet",24.09.2013,"Print 7","print 7"
70,"Heinola","heinola","MSRK_MKO4",1890,1899,30,"muuttaneet",24.09.2013,"Print 10","print 10"
69,"Heinolan kaupunkisrk","heinolan_kaupunkisrk","MKO234-245",1841,1874,333,"muuttaneet",20.12.2013,"free text","free text"
69,"Heinolan kaupunkisrk","heinolan_kaupunkisrk","MKO247-248",1875,1889,39,"muuttaneet",20.12.2013,"free text in","free text in"
69,"Heinolan kaupunkisrk","heinolan_kaupunkisrk","MKO265-268",1875,1889,92,"muuttaneet",20.12.2013,"free text out","free text out"
69,"Heinolan kaupunkisrk","heinolan_kaupunkisrk","MKO248",1889,1899,21,"muuttaneet",20.12.2013,"Print 10","print 10"
69,"Heinolan kaupunkisrk","heinolan_kaupunkisrk","MKO268",1890,1903,28,"muuttaneet",20.12.2013,"print 7","print 7"
71,"Heinävesi","heinavesi","TK2110",1819,1841,84,"muuttaneet",06.04.2010,"free text","free text"
71,"Heinävesi","heinavesi","AP",1841,1870,126,"muuttaneet",08.02.2024,"handrawn:1-63, halfbook:64-126","handrawn:1-63, halfbook:64-126"
71,"Heinävesi","heinavesi","TK2110",1841,1870,133,"muuttaneet",06.04.2010,"handrawn misc:8-70, free text:71-133","handrawn misc:8-70, free text:71-133"
71,"Heinävesi","heinavesi","TK2110-2111",1848,1874,249,"muuttaneet",06.04.2010,"free text","free text"
71,"Heinävesi","heinavesi","AP",1871,1902,43,"muuttaneet",08.02.2024,"handrawn in:1-31, halfbook:32-43","handrawn in:1-31, halfbook:32-43"
71,"Heinävesi","heinavesi","MKO7",1871,1886,16,"muuttaneet",06.04.2010,"handrawn in","handrawn in"
71,"Heinävesi","heinavesi","MKO8-9",1875,1885,12,"muuttaneet",06.04.2010,"handrawn out","handrawn out"
71,"Heinävesi","heinavesi","MKO8-9",1885,1902,25,"muuttaneet",06.04.2010,"handrawn","handrawn"
71,"Heinävesi","heinavesi","MKO7",1886,1902,14,"muuttaneet",06.04.2010,"handrawn","handrawn"
71,"Heinävesi","heinavesi","AP",1903,1913,93,"muuttaneet",08.02.2024,"Print 8","print 8"
71,"Heinävesi","heinavesi","MKO10",1903,1906,30,"muuttaneet",06.04.2010,"Print 8","print 8"
71,"Heinävesi","heinavesi","AP",1913,1922,54,"muuttaneet",08.02.2024,"Print 15","print 15"
88,"Helsingin pitäjä - Helsinge","helsingin_pitaja","ES235",1827,1840,98,"muuttaneet",13.08.2006,"handrawn out/in","handrawn out/in"
88,"Helsingin pitäjä - Helsinge","helsingin_pitaja","ES242",1853,1879,164,"muuttaneet",08.11.2006,"handrawn misc","handrawn misc"
88,"Helsingin pitäjä - Helsinge","helsingin_pitaja","MKO7-9",1880,1890,87,"muuttaneet",05.01.2015,"Print 3","print 3"
84,"Helsinki - Helsingfors","helsinki","MKO1-3",1851,1864,147,"muuttaneet",17.09.2014,"Print 20","print 20"
84,"Helsinki - Helsingfors","helsinki","MKO1-8",1853,1887,339,"muuttaneet",09.07.2012,"handrawn out:1-107, print 54:108-339","handrawn out:1-107, print 54:108-339"
84,"Helsinki - Helsingfors","helsinki","MKO4-10",1865,1879,310,"muuttaneet",17.09.2014,"handrawn in:1-20, print 21:21-310","handrawn in:1-20, print 21:21-310"
84,"Helsinki - Helsingfors","helsinki","MKO10-17",1880,1889,327,"muuttaneet",17.09.2014,"Print 21","print 21"
84,"Helsinki - Helsingfors","helsinki","MKO8-15",1888,1909,397,"muuttaneet",09.07.2012,"Print 54","print 54"
84,"Helsinki - Helsingfors","helsinki","MKO17-31",1890,1902,661,"muuttaneet",17.09.2014,"Print 21:1-50, print 22:50-661","print 21:1-50, print 22:50-661"
84,"Helsinki - Helsingfors","helsinki","MKO32-36",1902,1906,289,"muuttaneet",17.09.2014,"Print 22","print 22"
91,"Hiittinen - Hitis","hiittinen","AP",1849,1891,59,"muuttaneet",08.09.2015,"handrawn misc","handrawn misc"
91,"Hiittinen - Hitis","hiittinen","AP",1892,1962,152,"muuttaneet",09.03.2020,"Print 45","print 45"
91,"Hiittinen - Hitis","hiittinen","MKO1",1892,1912,29,"muuttaneet",28.03.2014,"Print 45","print 45"
93,"Himanka - Himango","himanka","AP",1804,1871,79,"muuttaneet",18.04.2023,"handrawn in/out","handrawn in/out"
93,"Himanka - Himango","himanka","MKO197-199",1804,1871,76,"muuttaneet",04.06.2016,"handrawn in/out","handrawn in/out"
93,"Himanka - Himango","himanka","AP",1872,1890,34,"muuttaneet",18.04.2023,"handrawn in/out","handrawn in/out"
93,"Himanka - Himango","himanka","AP_KOPIO",1872,1890,32,"muuttaneet",18.04.2023,"handrawn in/out","handrawn in/out"
93,"Himanka - Himango","himanka","MKO200-201",1872,1890,31,"muuttaneet",04.06.2016,"handrawn in/out","handrawn in/out"
93,"Himanka - Himango","himanka","MKO202",1890,1903,29,"muuttaneet",04.06.2016,"Print 45","print 45"
93,"Himanka - Himango","himanka","AP",1891,1921,67,"muuttaneet",18.04.2023,"Print 45","print 45"
94,"Hinnerjoki","hinnerjoki","MKO1-3",1811,1885,71,"muuttaneet",28.03.2010,"halfbook out/in:1-19, handrawn in/out:20-71","halfbook out/in:1-19, handrawn in/out:20-71"
94,"Hinnerjoki","hinnerjoki","MKO3",1885,1890,5,"muuttaneet",28.03.2010,"handrawn in/out","handrawn in/out"
94,"Hinnerjoki","hinnerjoki","AP",1891,1910,93,"muuttaneet",26.10.2011,"Print 45","print 45"
94,"Hinnerjoki","hinnerjoki","MKO5",1891,1909,30,"muuttaneet",28.03.2010,"Print 45","print 45"
95,"Hirvensalmi","hirvensalmi","MKO1-3",1886,1907,90,"muuttaneet",15.10.2009,"Print 3","print 3"
96,"Hollola","hollola","MKO58-62",1869,1883,138,"muuttaneet",01.05.2014,"halfbook:1-68, handrawn out:69-138","halfbook:1-68, handrawn out:69-138"
96,"Hollola","hollola","MKO4-5",1884,1889,36,"muuttaneet",01.05.2014,"Print 3","print 3"
96,"Hollola","hollola","MKO5-8",1890,1899,97,"muuttaneet",01.05.2014,"Print 3","print 3"
96,"Hollola","hollola","MKO9",1900,1905,30,"muuttaneet",28.07.2010,"Print 2","print 2"
97,"Honkajoki","honkajoki","JK502",1842,1884,54,"muuttaneet",23.03.2009,"handrawn in/out","handrawn in/out"
97,"Honkajoki","honkajoki","MKO1-2",1842,1883,46,"muuttaneet",08.11.2007,"handrawn in/out","handrawn in/out"
97,"Honkajoki","honkajoki","MKO2-4",1884,1906,73,"muuttaneet",08.11.2007,"handrawn in/out","handrawn in/out"
97,"Honkajoki","honkajoki","JK502",1885,1911,31,"muuttaneet",23.03.2009,"handrawn in/out","handrawn in/out"
98,"Honkilahti","honkilahti","AP",1833,1889,85,"muuttaneet",26.09.2016,"handrawn misc","handrawn misc"
98,"Honkilahti","honkilahti","MKO1-3",1833,1884,76,"muuttaneet",28.03.2010,"handrawn in/out","handrawn in/out"
98,"Honkilahti","honkilahti","MKO3",1885,1890,6,"muuttaneet",28.03.2010,"handrawn in/out","handrawn in/out"
98,"Honkilahti","honkilahti","AP",1890,1910,39,"muuttaneet",26.10.2011,"handrawn in/out","handrawn in/out"
99,"Houtskari - Houtskär","houtskari","MKO154-157",1752,1848,117,"muuttaneet",11.01.2015,"free text","free text"
99,"Houtskari - Houtskär","houtskari","MKO158",1845,1890,26,"muuttaneet",11.01.2015,"handrawn misc","handrawn misc"
99,"Houtskari - Houtskär","houtskari","MKO159-162",1890,1967,96,"muuttaneet",11.01.2015,"Print 45","print 45"
99,"Houtskari - Houtskär","houtskari","MKO165",1927,1986,12,"muuttaneet",11.01.2015,"wrong","wrong"
99,"Houtskari - Houtskär","houtskari","MKO163",1967,1986,22,"muuttaneet",11.01.2015,"wrong","wrong"
99,"Houtskari - Houtskär","houtskari","MKO164",1967,1986,29,"muuttaneet",11.01.2015,"wrong","wrong"
100,"Huittinen","huittinen","AP",1808,1849,249,"muuttaneet",08.09.2015,"handrawn in/out","handrawn in/out"
100,"Huittinen","huittinen","JK1082-1083",1808,1849,258,"muuttaneet",31.05.2009,"handrawn in/out","handrawn in/out"
100,"Huittinen","huittinen","AP",1849,1893,197,"muuttaneet",16.04.2018,"handrawn in/out","handrawn in/out"
100,"Huittinen","huittinen","JK1083",1849,1884,162,"muuttaneet",31.05.2009,"handrawn in/out","handrawn in/out"
100,"Huittinen","huittinen","JK1083",1885,1893,29,"muuttaneet",31.05.2009,"handrawn in/out","handrawn in/out"
100,"Huittinen","huittinen","AP",1893,1912,159,"muuttaneet",31.01.2012,"Print 45","print 45"
101,"Humppila","humppila","TK628",1825,1885,104,"muuttaneet",26.02.2010,"handrawn in/out","handrawn in/out"
101,"Humppila","humppila","TK628",1886,1892,10,"muuttaneet",26.02.2010,"handrawn in/out","handrawn in/out"
101,"Humppila","humppila","MKO4",1893,1904,30,"muuttaneet",16.05.2022,"Print 45","print 45"
103,"Hyrynsalmi","hyrynsalmi","IK178",1850,1880,49,"muuttaneet",14.04.2008,"handrawn in/out","handrawn in/out"
103,"Hyrynsalmi","hyrynsalmi","AP_S",1881,1889,13,"muuttaneet",21.12.2013,"Print 1","print 1"
103,"Hyrynsalmi","hyrynsalmi","AP_SIS",1881,1921,52,"muuttaneet",03.11.2022,"Print 1","print 1"
103,"Hyrynsalmi","hyrynsalmi","AP_U",1881,1889,17,"muuttaneet",21.12.2013,"Print 17","print 17"
103,"Hyrynsalmi","hyrynsalmi","AP_ULOS",1881,1921,70,"muuttaneet",03.11.2022,"Print 17","print 17"
103,"Hyrynsalmi","hyrynsalmi","AP_S",1890,1913,27,"muuttaneet",21.12.2013,"Print 1","print 1"
103,"Hyrynsalmi","hyrynsalmi","AP_U",1890,1913,39,"muuttaneet",21.12.2013,"Print 17","print 17"
232,"Hämeenkoski","hameenkoski","MKO1-2",1871,1887,40,"muuttaneet",29.03.2012,"handrawn in/out:1-19, print 3:20-40","handrawn in/out:1-19, print 3:20-40"
232,"Hämeenkoski","hameenkoski","MKO2-5",1888,1905,67,"muuttaneet",29.03.2012,"Print 3","print 3"
105,"Hämeenkyrö - Tavastkyro","hameenkyro","AP",1819,1833,10,"muuttaneet",07.03.2013,"handrawn misc","handrawn misc"
105,"Hämeenkyrö - Tavastkyro","hameenkyro","AP",1826,1847,135,"muuttaneet",07.03.2013,"handrawn misc","handrawn misc"
105,"Hämeenkyrö - Tavastkyro","hameenkyro","AP",1848,1887,155,"muuttaneet",07.03.2013,"handrawn in/out","handrawn in/out"
105,"Hämeenkyrö - Tavastkyro","hameenkyro","AP",1888,1890,29,"muuttaneet",07.03.2013,"handrawn in/out","handrawn in/out"
105,"Hämeenkyrö - Tavastkyro","hameenkyro","AP",1891,1912,162,"muuttaneet",07.03.2013,"Print 45","print 45"
105,"Hämeenkyrö - Tavastkyro","hameenkyro","MKO694-696",1891,1904,90,"muuttaneet",05.04.2009,"Print 45","print 45"
106,"Hämeenlinna - Tavastehus","hameenlinna","MSRK_MKO163-165",1884,1901,45,"muuttaneet",16.07.2010,"handrawn out/in:1-15, Print 45:16-45","handrawn out/in:1-15, print 45:16-45"
106,"Hämeenlinna - Tavastehus","hameenlinna","KSRK_MKO487-489",1885,1895,69,"muuttaneet",22.05.2010,"handrawn out/in:1-39, Print 45:40-69","handrawn out/in:1-39, print 45:40-69"
110,"Ii","ii","AP",1805,1839,64,"muuttaneet",09.02.2024,"handrawn misc:7-64","handrawn misc:7-64"
110,"Ii","ii","IK257",1805,1839,67,"muuttaneet",14.04.2009,"handrawn misc","handrawn misc"
110,"Ii","ii","AP",1839,1889,155,"muuttaneet",09.02.2024,"handrawn misc","handrawn misc"
110,"Ii","ii","IK257",1839,1884,138,"muuttaneet",20.06.2009,"handrawn misc:8-138","handrawn misc:8-138"
110,"Ii","ii","IK257",1885,1889,18,"muuttaneet",20.06.2009,"handrawn","handrawn"
110,"Ii","ii","AP",1890,1917,184,"muuttaneet",09.02.2024,"Print 1","print 1"
110,"Ii","ii","MKO337",1890,1901,30,"muuttaneet",20.06.2009,"Print 1","print 1"
110,"Ii","ii","MKO363-364",1890,1908,60,"muuttaneet",20.06.2009,"Print 17","print 17"
111,"Iisalmen kaupunkiseurakunta - Idensalmi stadsförsamling","iisalmen_kaupunkiseurakunta","AP",1894,1910,170,"muuttaneet",04.01.2023,"Print 1:1-91, Print 17:92-162, Print 1:163-170","print 1:1-91, print 17:92-162, print 1:163-170"
111,"Iisalmen kaupunkiseurakunta - Idensalmi stadsförsamling","iisalmen_kaupunkiseurakunta","MKO1-2",1894,1905,60,"muuttaneet",19.04.2014,"Print 1","print 1"
111,"Iisalmen kaupunkiseurakunta - Idensalmi stadsförsamling","iisalmen_kaupunkiseurakunta","MKO5-6",1894,1908,60,"muuttaneet",19.04.2014,"Print 17","print 17"
112,"Iisalmen maaseurakunta - Idensalmi landsförsamling","iisalmen_maaseurakunta","AP",1768,1774,11,"muuttaneet",12.01.2023,"free text misc","free text misc"
112,"Iisalmen maaseurakunta - Idensalmi landsförsamling","iisalmen_maaseurakunta","AP",1810,1841,126,"muuttaneet",12.01.2023,"handrawn in/out","handrawn in/out"
112,"Iisalmen maaseurakunta - Idensalmi landsförsamling","iisalmen_maaseurakunta","AP",1842,1852,119,"muuttaneet",12.01.2023,"handrawn in/out","handrawn in/out"
112,"Iisalmen maaseurakunta - Idensalmi landsförsamling","iisalmen_maaseurakunta","AP",1853,1890,335,"muuttaneet",12.01.2023,"handrawn in/out","handrawn in/out"
112,"Iisalmen maaseurakunta - Idensalmi landsförsamling","iisalmen_maaseurakunta","AP",1891,1903,254,"muuttaneet",12.01.2023,"Print 17","print 17"
112,"Iisalmen maaseurakunta - Idensalmi landsförsamling","iisalmen_maaseurakunta","MKO21-24",1891,1903,104,"muuttaneet",29.03.2018,"Print 1","print 1"
112,"Iisalmen maaseurakunta - Idensalmi landsförsamling","iisalmen_maaseurakunta","MKO25-29",1891,1903,145,"muuttaneet",29.03.2018,"Print 17","print 17"
112,"Iisalmen maaseurakunta - Idensalmi landsförsamling","iisalmen_maaseurakunta","AP",1904,1915,250,"muuttaneet",04.01.2023,"Print 16","print 16"
113,"Iitti","iitti","MKO814-815",1870,1885,45,"muuttaneet",23.06.2015,"handrawn in","handrawn in"
113,"Iitti","iitti","MKO835-837",1870,1885,48,"muuttaneet",23.06.2015,"handrawn out","handrawn out"
113,"Iitti","iitti","MKO833-834",1886,1890,34,"muuttaneet",23.06.2015,"Print 3","print 3"
113,"Iitti","iitti","MKO816-818",1890,1912,90,"muuttaneet",23.06.2015,"Print 10","print 10"
113,"Iitti","iitti","MKO837-839",1890,1909,90,"muuttaneet",23.06.2015,"Print 7","print 7"
114,"Ikaalinen - Ikalis","ikaalinen","AP",1818,1858,96,"muuttaneet",13.08.2015,"handrawn in/out","handrawn in/out"
114,"Ikaalinen - Ikalis","ikaalinen","JK780",1818,1858,105,"muuttaneet",29.01.2007,"handrawn in/out","handrawn in/out"
114,"Ikaalinen - Ikalis","ikaalinen","JK780",1859,1886,134,"muuttaneet",18.06.2010,"handrawn in/out","handrawn in/out"
114,"Ikaalinen - Ikalis","ikaalinen","MKO1-3",1859,1886,73,"muuttaneet",18.06.2010,"handrawn in/out","handrawn in/out"
114,"Ikaalinen - Ikalis","ikaalinen","JK780",1886,1931,443,"muuttaneet",18.06.2010,"handrawn in/out","handrawn in/out"
114,"Ikaalinen - Ikalis","ikaalinen","MKO3-6",1886,1915,111,"muuttaneet",18.06.2010,"handrawn in/out","handrawn in/out"
115,"Ilmajoki","ilmajoki","IK418",1805,1832,102,"muuttaneet",14.12.2008,"handrawn in/out","handrawn in/out"
115,"Ilmajoki","ilmajoki","IK418",1833,1844,30,"muuttaneet",14.12.2008,"handrawn misc","handrawn misc"
115,"Ilmajoki","ilmajoki","IK418-419",1849,1884,165,"muuttaneet",14.12.2008,"handrawn in/out","handrawn in/out"
115,"Ilmajoki","ilmajoki","IK419",1885,1896,62,"muuttaneet",14.12.2008,"handrawn in/out","handrawn in/out"
115,"Ilmajoki","ilmajoki","AP",1897,1922,133,"muuttaneet",13.12.2022,"Print 23","print 23"
115,"Ilmajoki","ilmajoki","MKO8-9",1897,1908,60,"muuttaneet",21.12.2008,"Print 23","print 23"
117,"Ilomantsi - Ilomants","ilomantsi","MKO1056",1739,1789,15,"muuttaneet",19.03.2011,"handrawn","handrawn"
117,"Ilomantsi - Ilomants","ilomantsi","MKO1062",1865,1882,15,"muuttaneet",19.03.2011,"handrawn in","handrawn in"
117,"Ilomantsi - Ilomants","ilomantsi","MKO1057",1882,1886,17,"muuttaneet",19.03.2011,"Print 17","print 17"
117,"Ilomantsi - Ilomants","ilomantsi","MKO1063",1882,1886,11,"muuttaneet",19.03.2011,"Print 1","print 1"
117,"Ilomantsi - Ilomants","ilomantsi","MKO1057-1060",1887,1907,103,"muuttaneet",19.03.2011,"Print 17","print 17"
117,"Ilomantsi - Ilomants","ilomantsi","MKO1063-1064",1887,1903,49,"muuttaneet",19.03.2011,"Print 1","print 1"
117,"Ilomantsi - Ilomants","ilomantsi","MKO1065-1066",1904,1914,32,"muuttaneet",27.07.2017,"Print 1","print 1"
117,"Ilomantsi - Ilomants","ilomantsi","MKO1061",1907,1911,20,"muuttaneet",27.07.2017,"Print 17","print 17"
117,"Ilomantsi - Ilomants","ilomantsi","MKO1067-1068",1911,1921,60,"muuttaneet",27.07.2017,"Print 46","print 46"
120,"Inari - Enare","inari","IK536",1839,1883,26,"muuttaneet",18.04.2008,"halfbook out/in:1-13, handrawn misc:14-26","halfbook out/in:1-13, handrawn misc:14-26"
120,"Inari - Enare","inari","IK536",1884,1889,6,"muuttaneet",18.04.2008,"handrawn in","handrawn in"
120,"Inari - Enare","inari","AP",1890,1942,138,"muuttaneet",16.11.2022,"handrawn misc","handrawn misc"
123,"Inkoo - Ingå","inkoo","AP",1805,1863,221,"muuttaneet",06.01.2017,"handrawn misc","handrawn misc"
123,"Inkoo - Ingå","inkoo","ES152",1805,1864,220,"muuttaneet",17.09.2009,"handrawn in/out","handrawn in/out"
123,"Inkoo - Ingå","inkoo","AP",1864,1892,74,"muuttaneet",06.01.2017,"handrawn in/out","handrawn in/out"
123,"Inkoo - Ingå","inkoo","MKO504-506",1864,1889,62,"muuttaneet",28.12.2014,"handrawn in/out","handrawn in/out"
123,"Inkoo - Ingå","inkoo","MKO506-507",1890,1898,30,"muuttaneet",28.12.2014,"handrawn in/out","handrawn in/out"
123,"Inkoo - Ingå","inkoo","AP",1892,1898,25,"muuttaneet",06.01.2017,"handrawn in/out","handrawn in/out"
123,"Inkoo - Ingå","inkoo","AP",1899,1919,187,"muuttaneet",06.01.2017,"Print 10","print 10"
123,"Inkoo - Ingå","inkoo","MKO508",1899,1906,30,"muuttaneet",28.12.2014,"Print 10","print 10"
124,"Isojoki - Storå","isojoki","AP",1827,1895,177,"muuttaneet",21.11.2019,"handrawn misc","handrawn misc"
124,"Isojoki - Storå","isojoki","UK182-183",1827,1884,156,"muuttaneet",08.10.2009,"free text misc:1-27, handrawn:28-156","free text misc:1-27, handrawn:28-156"
124,"Isojoki - Storå","isojoki","UK183",1885,1895,26,"muuttaneet",08.10.2009,"handrawn in/out","handrawn in/out"
124,"Isojoki - Storå","isojoki","AP",1896,1918,68,"muuttaneet",02.01.2022,"Print 4","print 4"
125,"Isokyrö - Storkyro","isokyro","AP",1839,1845,38,"muuttaneet",29.06.2023,"Print 24","print 24"
125,"Isokyrö - Storkyro","isokyro","MKO1-2",1839,1846,36,"muuttaneet",27.06.2009,"Print 24","print 24"
125,"Isokyrö - Storkyro","isokyro","MKO151",1846,1850,11,"muuttaneet",27.06.2009,"handrawn in/out","handrawn in/out"
125,"Isokyrö - Storkyro","isokyro","MKO180",1851,1857,16,"muuttaneet",27.06.2009,"handrawn in/out","handrawn in/out"
125,"Isokyrö - Storkyro","isokyro","MKO210",1858,1864,18,"muuttaneet",21.10.2009,"handrawn in/out","handrawn in/out"
125,"Isokyrö - Storkyro","isokyro","MKO240",1865,1871,26,"muuttaneet",21.10.2009,"Print 25:1-10, handrawn in/out:11-26","print 25:1-10, handrawn in/out:11-26"
125,"Isokyrö - Storkyro","isokyro","AP",1872,1891,85,"muuttaneet",29.06.2023,"handrawn in/out","handrawn in/out"
125,"Isokyrö - Storkyro","isokyro","MKO3",1872,1883,30,"muuttaneet",21.10.2009,"handrawn in/out","handrawn in/out"
125,"Isokyrö - Storkyro","isokyro","MKO4-5",1883,1891,53,"muuttaneet",27.06.2009,"handrawn in/out","handrawn in/out"
125,"Isokyrö - Storkyro","isokyro","AP",1892,1922,202,"muuttaneet",29.06.2023,"Print 4","print 4"
125,"Isokyrö - Storkyro","isokyro","MKO6-8",1892,1907,90,"muuttaneet",04.08.2009,"Print 4","print 4"
127,"Jaala","jaala","MKO270-271",1879,1888,33,"muuttaneet",14.11.2013,"Print 3","print 3"
127,"Jaala","jaala","MKO271",1889,1890,4,"muuttaneet",14.11.2013,"Print 3","print 3"
127,"Jaala","jaala","MKO265",1890,1910,26,"muuttaneet",18.06.2015,"Print 10","print 10"
127,"Jaala","jaala","MKO272",1890,1910,30,"muuttaneet",18.06.2015,"Print 7","print 7"
127,"Jaala","jaala","AP",1911,1922,24,"muuttaneet",29.08.2023,"Print 2","print 2"
128,"Jalasjärvi","jalasjarvi","UK145",1776,1780,10,"muuttaneet",02.01.2009,"free text in/out","free text in/out"
128,"Jalasjärvi","jalasjarvi","UK145",1805,1811,25,"muuttaneet",02.01.2009,"handrawn in/out","handrawn in/out"
128,"Jalasjärvi","jalasjarvi","UK145",1812,1878,145,"muuttaneet",02.01.2009,"handrawn in/out","handrawn in/out"
128,"Jalasjärvi","jalasjarvi","AP",1870,1895,84,"muuttaneet",22.11.2019,"handrawn in/out","handrawn in/out"
128,"Jalasjärvi","jalasjarvi","MKO1",1879,1884,21,"muuttaneet",22.01.2009,"handrawn in/out","handrawn in/out"
128,"Jalasjärvi","jalasjarvi","MKO1-4",1885,1899,90,"muuttaneet",22.01.2009,"handrawn in/out","handrawn in/out"
128,"Jalasjärvi","jalasjarvi","AP",1896,1918,158,"muuttaneet",02.01.2022,"handrawn in/out","handrawn in/out"
128,"Jalasjärvi","jalasjarvi","MKO5-6",1899,1907,60,"muuttaneet",13.01.2009,"handrawn in/out","handrawn in/out"
129,"Janakkala","janakkala","MKO441-442",1846,1865,36,"muuttaneet",30.08.2021,"halfbook in","halfbook in"
129,"Janakkala","janakkala","MKO443-446",1846,1865,86,"muuttaneet",30.08.2021,"halfbook out","halfbook out"
129,"Janakkala","janakkala","MKO447-450",1866,1891,96,"muuttaneet",30.08.2021,"handrawn in/out","handrawn in/out"
129,"Janakkala","janakkala","MKO451-453",1892,1907,90,"muuttaneet",30.08.2021,"Print 45","print 45"
129,"Janakkala","janakkala","TK245",1750,1770,173,"sekalaiset",12.05.2007,"handrawn","handrawn"
130,"Jepua - Jeppo","jepua","AP",1887,1929,54,"muuttaneet",16.04.2022,"handrawn in/out","handrawn in/out"
130,"Jepua - Jeppo","jepua","MKO1",1887,1891,8,"muuttaneet",01.06.2016,"handrawn in/out","handrawn in/out"
130,"Jepua - Jeppo","jepua","MKO1",1892,1908,22,"muuttaneet",01.06.2016,"handrawn in/out","handrawn in/out"
130,"Jepua - Jeppo","jepua","MKO2",1909,1929,21,"muuttaneet",07.01.2017,"handrawn in/out","handrawn in/out"
131,"Joensuu","joensuu","AP",1852,1880,106,"muuttaneet",18.02.2023,"handrawn misc","handrawn misc"
131,"Joensuu","joensuu","AP_1",1880,1897,140,"muuttaneet",18.02.2023,"Print 1","print 1"
131,"Joensuu","joensuu","AP_2",1880,1897,101,"muuttaneet",18.02.2023,"Print 17","print 17"
131,"Joensuu","joensuu","MKO273-275",1880,1889,81,"muuttaneet",16.10.2014,"Print 1","print 1"
131,"Joensuu","joensuu","MKO278-279",1880,1889,44,"muuttaneet",16.10.2014,"Print 17","print 17"
131,"Joensuu","joensuu","MKO275-277",1890,1897,56,"muuttaneet",16.10.2014,"Print 1","print 1"
131,"Joensuu","joensuu","MKO279-281",1890,1897,54,"muuttaneet",16.10.2014,"Print 17","print 17"
131,"Joensuu","joensuu","AP",1897,1910,236,"muuttaneet",18.02.2023,"Print 8","print 8"
131,"Joensuu","joensuu","MKO282-283",1897,1901,60,"muuttaneet",16.10.2014,"Print 8","print 8"
131,"Joensuu","joensuu","AP",1911,1920,202,"muuttaneet",18.02.2023,"Print 46","print 46"
133,"Jokioinen - Jockis","jokioinen","AP",1842,1891,155,"muuttaneet",21.10.2022,"handrawn in/out","handrawn in/out"
133,"Jokioinen - Jockis","jokioinen","MKO1-4",1842,1885,104,"muuttaneet",04.08.2010,"handrawn in/out","handrawn in/out"
133,"Jokioinen - Jockis","jokioinen","MKO5",1842,1874,29,"muuttaneet",04.08.2010,"handrawn out","handrawn out"
133,"Jokioinen - Jockis","jokioinen","MKO4",1886,1891,14,"muuttaneet",04.08.2010,"handrawn in/out","handrawn in/out"
133,"Jokioinen - Jockis","jokioinen","AP",1892,1902,37,"muuttaneet",21.10.2022,"handrawn in/out","handrawn in/out"
133,"Jokioinen - Jockis","jokioinen","MKO6-7",1892,1902,31,"muuttaneet",04.08.2010,"handrawn in/out","handrawn in/out"
133,"Jokioinen - Jockis","jokioinen","AP_SIS",1902,1921,26,"muuttaneet",21.10.2022,"Print 2","print 2"
133,"Jokioinen - Jockis","jokioinen","AP_ULOS",1902,1921,30,"muuttaneet",21.10.2022,"Print 7","print 7"
136,"Joroinen - Jorois","joroinen","MKO1",1762,1786,29,"muuttaneet",30.08.2021,"free text","free text"
136,"Joroinen - Jorois","joroinen","TK1679",1794,1822,67,"muuttaneet",09.02.2010,"halfbook","halfbook"
136,"Joroinen - Jorois","joroinen","TK1679",1823,1852,138,"muuttaneet",13.09.2007,"handrawn in/out","handrawn in/out"
136,"Joroinen - Jorois","joroinen","MKO2-4",1861,1889,84,"muuttaneet",15.09.2021,"handrawn in/out","handrawn in/out"
136,"Joroinen - Jorois","joroinen","MKO8-9",1877,1884,49,"muuttaneet",19.04.2009,"halfbook","halfbook"
136,"Joroinen - Jorois","joroinen","MKO9-11",1885,1891,43,"muuttaneet",19.04.2009,"halfbook","halfbook"
136,"Joroinen - Jorois","joroinen","MKO5-7",1890,1920,78,"muuttaneet",15.09.2021,"Print 10","print 10"
136,"Joroinen - Jorois","joroinen","MKO12-13",1892,1896,60,"muuttaneet",01.12.2009,"Print 7","print 7"
136,"Joroinen - Jorois","joroinen","MKO14-16",1896,1904,140,"muuttaneet",30.08.2021,"Print 7","print 7"
136,"Joroinen - Jorois","joroinen","MKO19",1921,1924,30,"muuttaneet",15.09.2021,"Print 15","print 15"
137,"Joutsa","joutsa","AP",1901,1910,83,"muuttaneet",27.08.2015,"Print 8","print 8"
137,"Joutsa","joutsa","MKO1-2",1901,1907,60,"muuttaneet",30.04.2011,"Print 8","print 8"
137,"Joutsa","joutsa","AP",1911,1914,36,"muuttaneet",27.08.2015,"Print 46","print 46"
138,"Joutseno","joutseno","AP",1868,1895,33,"muuttaneet",02.10.2020,"handrawn in/out","handrawn in/out"
139,"Juankoski","juankoski","AP_SISAAN",1863,1879,7,"muuttaneet",23.03.2022,"handrawn in","handrawn in"
139,"Juankoski","juankoski","AP_ULOS",1863,1879,4,"muuttaneet",23.03.2022,"handrawn out","handrawn out"
139,"Juankoski","juankoski","MKO1",1863,1879,6,"muuttaneet",06.07.2014,"handrawn in","handrawn in"
139,"Juankoski","juankoski","MKO2",1863,1879,4,"muuttaneet",06.07.2014,"handrawn out","handrawn out"
139,"Juankoski","juankoski","AP_SISAAN",1880,1897,27,"muuttaneet",23.03.2022,"Print 1","print 1"
139,"Juankoski","juankoski","AP_ULOS",1880,1897,23,"muuttaneet",23.03.2022,"Print 17","print 17"
139,"Juankoski","juankoski","MKO3",1880,1889,11,"muuttaneet",06.07.2014,"Print 1","print 1"
139,"Juankoski","juankoski","MKO4",1880,1889,13,"muuttaneet",06.07.2014,"Print 17","print 17"
139,"Juankoski","juankoski","MKO3",1890,1897,14,"muuttaneet",06.07.2014,"Print 1","print 1"
139,"Juankoski","juankoski","MKO4",1890,1897,9,"muuttaneet",06.07.2014,"Print 17","print 17"
139,"Juankoski","juankoski","AP_SISAAN_JA_ULOS",1898,1923,83,"muuttaneet",23.03.2022,"Print 8","print 8"
139,"Juankoski","juankoski","MKO5",1898,1907,30,"muuttaneet",06.07.2014,"Print 8","print 8"
139,"Juankoski","juankoski","MKO6",1908,1916,30,"muuttaneet",02.04.2018,"Print 8","print 8"
141,"Jurva","jurva","UK243",1805,1831,35,"muuttaneet",28.02.2009,"handrawn in/out","handrawn in/out"
141,"Jurva","jurva","AP",1832,1889,98,"muuttaneet",31.08.2022,"handrawn in/out","handrawn in/out"
141,"Jurva","jurva","UK243",1832,1884,87,"muuttaneet",28.02.2009,"handrawn in/out","handrawn in/out"
141,"Jurva","jurva","UK243",1858,1867,4,"muuttaneet",28.02.2009,"handrawn in/out","handrawn in/out"
141,"Jurva","jurva","UK243",1885,1889,12,"muuttaneet",28.02.2009,"handrawn","handrawn"
141,"Jurva","jurva","AP",1890,1948,117,"muuttaneet",31.08.2022,"handrawn in/out","handrawn in/out"
141,"Jurva","jurva","MKO5",1890,1905,30,"muuttaneet",28.02.2009,"handrawn in/out","handrawn in/out"
142,"Juuka","juuka","AP",1856,1873,34,"muuttaneet",14.08.2019,"handrawn misc","handrawn misc"
142,"Juuka","juuka","TK1408",1856,1873,36,"muuttaneet",23.12.2009,"handrawn misc","handrawn misc"
142,"Juuka","juuka","AP_SIS",1874,1899,45,"muuttaneet",14.08.2019,"handrawn in","handrawn in"
142,"Juuka","juuka","AP_ULOS",1874,1899,96,"muuttaneet",14.08.2019,"handrawn","handrawn"
142,"Juuka","juuka","MKO2",1874,1890,23,"muuttaneet",10.07.2015,"handrawn in","handrawn in"
142,"Juuka","juuka","MKO4-5",1874,1890,57,"muuttaneet",10.07.2015,"halfbook:1-20, handrawn out:21-57","halfbook:1-20, handrawn out:21-57"
142,"Juuka","juuka","MKO2-3",1890,1898,20,"muuttaneet",10.07.2015,"handrawn","handrawn"
142,"Juuka","juuka","MKO5-7",1891,1898,36,"muuttaneet",10.07.2015,"handrawn ","handrawn "
142,"Juuka","juuka","MKO8-9",1899,1907,60,"muuttaneet",10.07.2015,"Print 8","print 8"
144,"Juva - Jockas","juva","MKO1-9",1792,1847,265,"muuttaneet",10.07.2015,"handrawn misc","handrawn misc"
144,"Juva - Jockas","juva","MKO1-2",1848,1920,52,"muuttaneet",18.05.2016,"Print 26","print 26"
144,"Juva - Jockas","juva","MKO10-14",1848,1882,135,"muuttaneet",10.07.2015,"handrawn out","handrawn out"
144,"Juva - Jockas","juva","MKO15-18",1848,1882,110,"muuttaneet",10.07.2015,"handrawn in","handrawn in"
144,"Juva - Jockas","juva","MKO19-20",1883,1890,55,"muuttaneet",10.07.2015,"Print 3","print 3"
144,"Juva - Jockas","juva","MKO20-25",1891,1910,155,"muuttaneet",10.07.2015,"Print 3","print 3"
144,"Juva - Jockas","juva","MKO3",1896,1909,29,"muuttaneet",18.05.2016,"halfbook","halfbook"
145,"Jyväskylä","jyvaskyla","MSRK_AP",1840,1875,124,"muuttaneet",28.04.2015,"handrawn misc","handrawn misc"
145,"Jyväskylä","jyvaskyla","KSRK_AP",1864,1868,48,"muuttaneet",26.03.2015,"free text","free text"
145,"Jyväskylä","jyvaskyla","KSRK_AP_SIS",1864,1877,41,"muuttaneet",26.03.2015,"handrawn in","handrawn in"
145,"Jyväskylä","jyvaskyla","KSRK_AP_ULOS",1864,1877,29,"muuttaneet",26.03.2015,"handrawn out","handrawn out"
145,"Jyväskylä","jyvaskyla","KSRK_MKO1",1864,1877,27,"muuttaneet",29.11.2011,"handrawn out","handrawn out"
145,"Jyväskylä","jyvaskyla","KSRK_MKO1-2",1864,1877,38,"muuttaneet",29.11.2011,"handrawn in","handrawn in"
145,"Jyväskylä","jyvaskyla","KSRK_MKO2-3",1864,1868,46,"muuttaneet",29.11.2011,"halfbook","halfbook"
145,"Jyväskylä","jyvaskyla","MSRK_AP",1876,1890,90,"muuttaneet",28.04.2015,"handrawn in/out","handrawn in/out"
145,"Jyväskylä","jyvaskyla","MSRK_MKO1-3",1876,1885,61,"muuttaneet",10.09.2010,"handrawn in/out","handrawn in/out"
145,"Jyväskylä","jyvaskyla","KSRK_AP",1878,1890,103,"muuttaneet",26.03.2015,"handrawn in/out","handrawn in/out"
145,"Jyväskylä","jyvaskyla","KSRK_MKO3-5",1878,1886,71,"muuttaneet",29.11.2011,"handrawn in/out","handrawn in/out"
145,"Jyväskylä","jyvaskyla","MSRK_MKO3",1886,1890,29,"muuttaneet",10.09.2010,"handrawn in/out","handrawn in/out"
145,"Jyväskylä","jyvaskyla","KSRK_MKO5-7",1887,1896,79,"muuttaneet",29.11.2011,"handrawn in/out","handrawn in/out"
145,"Jyväskylä","jyvaskyla","MSRK_AP",1890,1902,151,"muuttaneet",28.04.2015,"Print 7","print 7"
145,"Jyväskylä","jyvaskyla","MSRK_MKO1-3",1890,1902,71,"muuttaneet",10.09.2010,"Print 7","print 7"
145,"Jyväskylä","jyvaskyla","MSRK_MKO4-6",1890,1902,76,"muuttaneet",10.09.2010,"Print 10","print 10"
145,"Jyväskylä","jyvaskyla","KSRK_AP",1891,1896,50,"muuttaneet",26.03.2015,"handrawn in/out","handrawn in/out"
145,"Jyväskylä","jyvaskyla","KSRK_MKO4-5",1897,1907,60,"muuttaneet",29.11.2011,"Print 7","print 7"
145,"Jyväskylä","jyvaskyla","KSRK_MKO8-9",1897,1907,60,"muuttaneet",29.11.2011,"Print 10","print 10"
145,"Jyväskylä","jyvaskyla","MSRK_MKO4",1903,1910,30,"muuttaneet",10.09.2010,"Print 7","print 7"
147,"Jämijärvi","jamijarvi","JK640",1855,1890,55,"muuttaneet",28.11.2006,"handrawn misc","handrawn misc"
147,"Jämijärvi","jamijarvi","MKO3",1891,1902,30,"muuttaneet",15.03.2008,"Print 45","print 45"
148,"Jämsä","jamsa","AP",1755,1773,73,"muuttaneet",29.11.2013,"handrawn misc:1-27, free text:28-73","handrawn misc:1-27, free text:28-73"
148,"Jämsä","jamsa","TK455",1755,1773,87,"muuttaneet",13.06.2009,"handrawn misc:8-34, free text:35-87","handrawn misc:8-34, free text:35-87"
148,"Jämsä","jamsa","AP",1838,1868,131,"muuttaneet",29.11.2013,"halfbook","halfbook"
148,"Jämsä","jamsa","TK455",1838,1864,143,"muuttaneet",13.06.2009,"halfbook","halfbook"
148,"Jämsä","jamsa","MKO741",1865,1868,18,"muuttaneet",01.12.2008,"handrawn misc","handrawn misc"
148,"Jämsä","jamsa","AP",1868,1889,69,"muuttaneet",29.11.2013,"handrawn in/out","handrawn in/out"
148,"Jämsä","jamsa","MKO747-748",1868,1884,50,"muuttaneet",09.12.2008,"handrawn in/out","handrawn in/out"
148,"Jämsä","jamsa","MKO748-749",1885,1890,16,"muuttaneet",09.12.2008,"handrawn in/out","handrawn in/out"
148,"Jämsä","jamsa","AP",1890,1913,190,"muuttaneet",29.11.2013,"Print 10","print 10"
148,"Jämsä","jamsa","MKO750",1890,1903,30,"muuttaneet",21.11.2009,"Print 10","print 10"
148,"Jämsä","jamsa","MKO754-755",1890,1907,60,"muuttaneet",21.11.2009,"Print 7","print 7"
148,"Jämsä","jamsa","AP_ULOS",1914,1919,25,"muuttaneet",18.02.2020,"Print 7","print 7"
150,"Jäppilä","jappila","MKO1",1877,1884,4,"muuttaneet",12.03.2008,"handrawn in","handrawn in"
150,"Jäppilä","jappila","MKO11",1877,1883,4,"muuttaneet",12.03.2008,"handrawn out","handrawn out"
150,"Jäppilä","jappila","MKO11",1884,1889,4,"muuttaneet",12.03.2008,"handrawn out","handrawn out"
150,"Jäppilä","jappila","MKO1",1885,1889,4,"muuttaneet",12.03.2008,"handrawn in","handrawn in"
152,"Jääski","jaaski","UK385",1850,1865,109,"muuttaneet",20.09.2007,"halfbook","halfbook"
152,"Jääski","jaaski","MKO443-444",1870,1880,16,"muuttaneet",05.02.2009,"handrawn misc","handrawn misc"
152,"Jääski","jaaski","MKO445",1880,1884,14,"muuttaneet",05.02.2009,"Print 3","print 3"
152,"Jääski","jaaski","MKO445-448",1885,1898,77,"muuttaneet",05.02.2009,"Print 3","print 3"
152,"Jääski","jaaski","MKO449-451",1899,1908,90,"muuttaneet",02.11.2007,"Print 8","print 8"
153,"Kaarina - S:t Karins","kaarina","AP",1805,1817,90,"muuttaneet",27.01.2015,"handrawn misc","handrawn misc"
153,"Kaarina - S:t Karins","kaarina","AP",1818,1846,186,"muuttaneet",27.01.2015,"handrawn in/out","handrawn in/out"
172,"Kaarlela - Karleby","kaarlela","AP",1753,1788,72,"muuttaneet",08.01.2024,"handrawn out/in","handrawn out/in"
172,"Kaarlela - Karleby","kaarlela","MKO1-3",1753,1788,73,"muuttaneet",15.10.2011,"handrawn out/in","handrawn out/in"
172,"Kaarlela - Karleby","kaarlela","AP",1787,1800,41,"muuttaneet",08.01.2024,"handrawn","handrawn"
172,"Kaarlela - Karleby","kaarlela","MKO4-5",1789,1800,40,"muuttaneet",15.10.2011,"handrawn","handrawn"
172,"Kaarlela - Karleby","kaarlela","AP",1800,1817,46,"muuttaneet",08.01.2024,"handrawn in/out","handrawn in/out"
172,"Kaarlela - Karleby","kaarlela","MKO6-7",1800,1817,45,"muuttaneet",15.10.2011,"handrawn in/out","handrawn in/out"
172,"Kaarlela - Karleby","kaarlela","AP",1817,1837,91,"muuttaneet",08.01.2024,"handrawn in/out","handrawn in/out"
172,"Kaarlela - Karleby","kaarlela","MKO8-10",1817,1837,90,"muuttaneet",15.10.2011,"handrawn in/out","handrawn in/out"
172,"Kaarlela - Karleby","kaarlela","AP",1838,1873,93,"muuttaneet",08.01.2024,"handrawn in/out","handrawn in/out"
172,"Kaarlela - Karleby","kaarlela","MKO11-14",1838,1873,91,"muuttaneet",15.10.2011,"handrawn misc","handrawn misc"
172,"Kaarlela - Karleby","kaarlela","AP",1874,1900,76,"muuttaneet",08.01.2024,"handrawn in/out","handrawn in/out"
172,"Kaarlela - Karleby","kaarlela","MKO15-16",1874,1886,44,"muuttaneet",15.10.2011,"handrawn in/out","handrawn in/out"
172,"Kaarlela - Karleby","kaarlela","MKO16-17",1886,1900,30,"muuttaneet",15.10.2011,"handrawn in/out","handrawn in/out"
154,"Kaavi","kaavi","AP",1746,1763,3,"muuttaneet",12.03.2022,"handrawn","handrawn"
154,"Kaavi","kaavi","AP",1746,1750,1,"muuttaneet",12.03.2022,"handrawn","handrawn"
154,"Kaavi","kaavi","AP",1751,1798,7,"muuttaneet",12.03.2022,"handrawn","handrawn"
154,"Kaavi","kaavi","AP",1764,1799,8,"muuttaneet",12.03.2022,"handrawn in","handrawn in"
154,"Kaavi","kaavi",1527,1856,1880,55,"muuttaneet",27.03.2009,"handrawn","handrawn"
154,"Kaavi","kaavi","AP",1856,1880,19,"muuttaneet",12.03.2022,"handrawn in","handrawn in"
154,"Kaavi","kaavi","AP_ULOS",1856,1880,29,"muuttaneet",12.03.2022,"handrawn out","handrawn out"
154,"Kaavi","kaavi","AP",1881,1917,151,"muuttaneet",12.03.2022,"Print 1","print 1"
154,"Kaavi","kaavi","AP_ULOS",1881,1917,228,"muuttaneet",12.03.2022,"Print 17","print 17"
154,"Kaavi","kaavi","MKO2",1881,1885,20,"muuttaneet",13.07.2010,"Print 1","print 1"
154,"Kaavi","kaavi","MKO20",1881,1885,23,"muuttaneet",13.07.2010,"Print 17","print 17"
154,"Kaavi","kaavi","MKO2-4",1886,1904,68,"muuttaneet",13.07.2010,"Print 1","print 1"
154,"Kaavi","kaavi","MKO20-24",1886,1907,125,"muuttaneet",13.07.2010,"Print 17","print 17"
154,"Kaavi","kaavi","MKO5-6",1905,1917,58,"muuttaneet",31.03.2018,"Print 1","print 1"
154,"Kaavi","kaavi","MKO25-26",1907,1915,59,"muuttaneet",31.03.2018,"Print 17","print 17"
155,"Kajaani - Kajana","kajaani","IK90",1836,1850,50,"muuttaneet",24.04.2008,"handrawn in:1-16, halfbook:17-50","handrawn in:1-16, halfbook:17-50"
155,"Kajaani - Kajana","kajaani","IK90_SISAAN",1850,1868,41,"muuttaneet",24.04.2008,"halfbook ","halfbook "
155,"Kajaani - Kajana","kajaani","IK90_ULOS",1850,1868,51,"muuttaneet",24.04.2008,"halfbook ","halfbook "
155,"Kajaani - Kajana","kajaani","MKO2",1869,1881,45,"muuttaneet",14.01.2016,"halfbook ","halfbook "
155,"Kajaani - Kajana","kajaani","MKO50-51",1869,1881,50,"muuttaneet",15.01.2016,"halfbook","halfbook"
155,"Kajaani - Kajana","kajaani","KSRK_MKO3",1882,1891,20,"muuttaneet",14.01.2016,"Print 1","print 1"
155,"Kajaani - Kajana","kajaani","MSRK_MKO4",1882,1891,20,"muuttaneet",14.01.2016,"Print 1","print 1"
155,"Kajaani - Kajana","kajaani","KSRK_MKO52",1882,1891,18,"muuttaneet",15.01.2016,"Print 17","print 17"
155,"Kajaani - Kajana","kajaani","MSRK_MKO52-53",1882,1891,23,"muuttaneet",15.01.2016,"Print 17","print 17"
155,"Kajaani - Kajana","kajaani","MSRK_MKO4",1891,1901,20,"muuttaneet",14.01.2016,"Print 1","print 1"
155,"Kajaani - Kajana","kajaani","KSRK_MKO52",1891,1901,26,"muuttaneet",15.01.2016,"Print 17","print 17"
155,"Kajaani - Kajana","kajaani","MSRK_MKO53",1891,1902,31,"muuttaneet",15.01.2016,"Print 17","print 17"
155,"Kajaani - Kajana","kajaani","KSRK_MKO3",1892,1901,20,"muuttaneet",14.01.2016,"Print 1","print 1"
155,"Kajaani - Kajana","kajaani","AP",1902,1920,215,"muuttaneet",03.11.2022,"Print 16","print 16"
155,"Kajaani - Kajana","kajaani","KSRK_MKO5-6-AP",1902,1913,132,"muuttaneet",15.01.2016,"Print 16","print 16"
155,"Kajaani - Kajana","kajaani","MSRK_MKO9-AP",1902,1912,58,"muuttaneet",15.01.2016,"Print 16","print 16"
156,"Kakskerta","kakskerta","AP",1808,1855,96,"muuttaneet",20.11.2012,"handrawn in/out:1-90, free text:91-94","handrawn in/out:1-90, free text:91-94"
157,"Kalajoki","kalajoki","AP",1871,1880,31,"muuttaneet",03.04.2023,"Print 30","print 30"
157,"Kalajoki","kalajoki","MKO16",1871,1879,13,"muuttaneet",19.05.2016,"Print 30","print 30"
157,"Kalajoki","kalajoki","MKO17",1871,1879,16,"muuttaneet",19.05.2016,"Print 30","print 30"
157,"Kalajoki","kalajoki","AP",1880,1921,317,"muuttaneet",03.04.2023,"Print 17","print 17"
157,"Kalajoki","kalajoki","MKO20-21",1880,1891,41,"muuttaneet",19.05.2016,"Print 1","print 1"
157,"Kalajoki","kalajoki","MKO27-28",1880,1891,45,"muuttaneet",19.05.2016,"Print 17","print 17"
157,"Kalajoki","kalajoki","MKO21-22",1892,1905,49,"muuttaneet",19.05.2016,"Print 1","print 1"
157,"Kalajoki","kalajoki","MKO28-29",1892,1904,45,"muuttaneet",19.05.2016,"Print 17","print 17"
591,"Kalanti","kalanti","JK100",1812,1829,66,"muuttaneet",17.04.2006,"handrawn out/in","handrawn out/in"
591,"Kalanti","kalanti","JK100",1830,1841,29,"muuttaneet",15.05.2007,"handrawn out/in","handrawn out/in"
591,"Kalanti","kalanti","JK100",1847,1891,153,"muuttaneet",18.11.2015,"handrawn misc","handrawn misc"
591,"Kalanti","kalanti","MKO9",1880,1889,23,"muuttaneet",21.05.2014,"handrawn out","handrawn out"
591,"Kalanti","kalanti","MKO9",1889,1891,5,"muuttaneet",21.05.2014,"handrawn","handrawn"
591,"Kalanti","kalanti","MKO10-12",1890,1907,90,"muuttaneet",21.05.2014,"Print 45","print 45"
158,"Kalvola","kalvola","TK122-123",1805,1842,138,"muuttaneet",19.02.2010,"handrawn in/out","handrawn in/out"
158,"Kalvola","kalvola","MKO1-2",1867,1886,41,"muuttaneet",06.07.2010,"handrawn in/out","handrawn in/out"
158,"Kalvola","kalvola","MKO2-3",1886,1900,38,"muuttaneet",06.07.2010,"handrawn in/out","handrawn in/out"
158,"Kalvola","kalvola","MKO4",1901,1910,18,"muuttaneet",06.03.2011,"Print 10","print 10"
159,"Kangasala","kangasala","TK62",1814,1853,143,"muuttaneet",21.08.2013,"handrawn in/out:6-126, halfbook in/out:127-143","handrawn in/out:6-126, halfbook in/out:127-143"
159,"Kangasala","kangasala","MKO613-620",1853,1887,213,"muuttaneet",07.02.2012,"halfbook in/out:1-168, handrawn in/out:169-213","halfbook in/out:1-168, handrawn in/out:169-213"
159,"Kangasala","kangasala","MKO620",1888,1889,10,"muuttaneet",07.02.2012,"handrawn in/out","handrawn in/out"
159,"Kangasala","kangasala","MKO621-623",1890,1909,90,"muuttaneet",07.02.2012,"handrawn in/out","handrawn in/out"
160,"Kangaslampi","kangaslampi","MKO2",1871,1883,16,"muuttaneet",12.03.2008,"handrawn out/in","handrawn out/in"
160,"Kangaslampi","kangaslampi","MKO2",1884,1892,9,"muuttaneet",12.03.2008,"handrawn out/in","handrawn out/in"
161,"Kangasniemi","kangasniemi","TK1056",1841,1858,109,"muuttaneet",29.06.2006,"handrawn out/in:1-52, halfbook:53-109","handrawn out/in:1-52, halfbook:53-109"
161,"Kangasniemi","kangasniemi","TK1056",1859,1872,108,"muuttaneet",29.06.2006,"halfbook","halfbook"
161,"Kangasniemi","kangasniemi","MKO013",1871,1882,24,"muuttaneet",06.09.2006,"handrawn","handrawn"
161,"Kangasniemi","kangasniemi","MKO012",1880,1882,25,"muuttaneet",06.09.2006,"halfbook:1-6, handrawn:7-25","halfbook:1-6, handrawn:7-25"
161,"Kangasniemi","kangasniemi","MKO014",1895,1904,30,"muuttaneet",10.09.2006,"Print 10","print 10"
161,"Kangasniemi","kangasniemi","MKO018-020",1895,1907,90,"muuttaneet",10.09.2006,"Print 7","print 7"
162,"Kankaanpää","kankaanpaa","AP",1807,1846,95,"muuttaneet",25.02.2016,"handrawn in/out","handrawn in/out"
162,"Kankaanpää","kankaanpaa","JK517",1807,1846,111,"muuttaneet",23.03.2008,"handrawn misc","handrawn misc"
162,"Kankaanpää","kankaanpaa","AP",1847,1892,125,"muuttaneet",21.01.2022,"handrawn in/out","handrawn in/out"
162,"Kankaanpää","kankaanpaa","MKO1-3",1847,1884,87,"muuttaneet",05.04.2009,"handrawn in/out","handrawn in/out"
162,"Kankaanpää","kankaanpaa","MKO3-4",1885,1892,32,"muuttaneet",05.04.2009,"handrawn in/out","handrawn in/out"
162,"Kankaanpää","kankaanpaa","AP",1893,1918,152,"muuttaneet",21.01.2022,"Print 45","print 45"
162,"Kankaanpää","kankaanpaa","MKO5-7",1893,1906,90,"muuttaneet",05.04.2009,"Print 45","print 45"
165,"Kannus","kannus","MKO344-345",1816,1842,45,"muuttaneet",26.06.2012,"handrawn in/out","handrawn in/out"
165,"Kannus","kannus","MKO346-349",1842,1875,95,"muuttaneet",26.06.2012,"handrawn misc","handrawn misc"
165,"Kannus","kannus","MKO350-351",1876,1887,32,"muuttaneet",26.06.2012,"Print 3","print 3"
165,"Kannus","kannus","MKO351-352",1888,1907,58,"muuttaneet",26.06.2012,"Print 3","print 3"
166,"Karijoki - Bötom","karijoki","UK45",1812,1828,88,"muuttaneet",08.06.2009,"halfbook misc","halfbook misc"
166,"Karijoki - Bötom","karijoki","MKO5-6",1829,1892,57,"muuttaneet",22.12.2016,"halfbook in:1-40, handrawn in:41-57","halfbook in:1-40, handrawn in:41-57"
166,"Karijoki - Bötom","karijoki","MKO9-10",1829,1892,46,"muuttaneet",22.12.2016,"halfbook out:1-29, handrawn out:30-46","halfbook out:1-29, handrawn out:30-46"
166,"Karijoki - Bötom","karijoki","UK45",1829,1834,16,"muuttaneet",03.09.2009,"halfbook in:7-16","halfbook in:7-16"
166,"Karijoki - Bötom","karijoki","MKO10",1892,1904,14,"muuttaneet",22.12.2016,"handrawn out","handrawn out"
166,"Karijoki - Bötom","karijoki","MKO6",1893,1896,3,"muuttaneet",22.12.2016,"handrawn in","handrawn in"
168,"Karjaa - Karis","karjaa","AP",1753,1850,89,"muuttaneet",20.12.2021,"handrawn","handrawn"
168,"Karjaa - Karis","karjaa","AP",1806,1844,38,"muuttaneet",20.12.2021,"handrawn misc","handrawn misc"
168,"Karjaa - Karis","karjaa","MUSTIO_ES110",1815,1827,14,"muuttaneet",19.10.2006,"handrawn misc","handrawn misc"
168,"Karjaa - Karis","karjaa","AP",1816,1893,214,"muuttaneet",20.12.2021,"handrawn in/out","handrawn in/out"
168,"Karjaa - Karis","karjaa","MKO9-12",1850,1889,107,"muuttaneet",12.12.2014,"handrawn in/out","handrawn in/out"
168,"Karjaa - Karis","karjaa","MKO12",1889,1893,13,"muuttaneet",12.12.2014,"handrawn","handrawn"
168,"Karjaa - Karis","karjaa","AP",1894,1923,153,"muuttaneet",05.05.2020,"print 45","print 45"
168,"Karjaa - Karis","karjaa","MKO13-14",1894,1905,60,"muuttaneet",12.12.2014,"print 45","print 45"
169,"Karjala","karjala","AP",1856,1890,58,"muuttaneet",26.02.2022,"halfbook in/out:1-20, handrawn in/out:21-58","halfbook in/out:1-20, handrawn in/out:21-58"
169,"Karjala","karjala","MKO1-2",1856,1887,37,"muuttaneet",02.08.2012,"halfbook in/out:1-16, handrawn in/out:17-37","halfbook in/out:1-16, handrawn in/out:17-37"
169,"Karjala","karjala","MKO2",1887,1890,6,"muuttaneet",02.08.2012,"handrawn in/out","handrawn in/out"
169,"Karjala","karjala","MKO3",1891,1907,30,"muuttaneet",02.08.2012,"print 45","print 45"
170,"Karjalohja - Karislojo","karjalohja","MKO1-5",1825,1886,128,"muuttaneet",02.11.2010,"handrawn in/out","handrawn in/out"
170,"Karjalohja - Karislojo","karjalohja","MKO6-7",1887,1910,59,"muuttaneet",02.11.2010,"print 3","print 3"
426,"Karkkila - Högfors","karkkila","MKO6-8",1893,1908,79,"muuttaneet",14.11.2013,"handrawn in/out:1-19, print 45:20-79","handrawn in/out:1-19, print 45:20-79"
171,"Karkku","karkku","AP",1811,1822,18,"muuttaneet",04.05.2022,"handrawn misc","handrawn misc"
171,"Karkku","karkku","JK989",1811,1831,33,"muuttaneet",22.03.2011,"handrawn misc","handrawn misc"
171,"Karkku","karkku","AP_ULOS",1823,1831,11,"muuttaneet",04.05.2022,"handrawn","handrawn"
171,"Karkku","karkku","AP_SIS",1829,1838,13,"muuttaneet",04.05.2022,"handrawn in","handrawn in"
171,"Karkku","karkku","JK989",1829,1838,14,"muuttaneet",22.03.2011,"handrawn in","handrawn in"
171,"Karkku","karkku","AP",1832,1854,58,"muuttaneet",04.05.2022,"handrawn misc","handrawn misc"
171,"Karkku","karkku","AP",1855,1889,75,"muuttaneet",04.05.2022,"handrawn in/out","handrawn in/out"
171,"Karkku","karkku","JK989",1855,1886,68,"muuttaneet",22.03.2011,"handrawn misc","handrawn misc"
171,"Karkku","karkku","JK989",1886,1889,9,"muuttaneet",22.03.2011,"handrawn in/out","handrawn in/out"
171,"Karkku","karkku","AP",1890,1911,120,"muuttaneet",28.04.2012,"print 45","print 45"
171,"Karkku","karkku","MKO10-11",1890,1904,60,"muuttaneet",26.07.2011,"print 45","print 45"
173,"Karstula","karstula","AP",1841,1848,28,"muuttaneet",02.02.2017,"free text out/in","free text out/in"
173,"Karstula","karstula","UK601",1841,1848,29,"muuttaneet",03.08.2006,"free text out/in","free text out/in"
173,"Karstula","karstula","AP",1855,1881,69,"muuttaneet",02.02.2017,"halfbook:1-23, handrawn in/out:24-69","halfbook:1-23, handrawn in/out:24-69"
173,"Karstula","karstula","MKO2-3",1855,1881,48,"muuttaneet",17.12.2011,"handrawn misc","handrawn misc"
173,"Karstula","karstula","UK601",1855,1881,131,"muuttaneet",16.12.2005,"halfbook:1-47, handrawn misc:48-131","halfbook:1-47, handrawn misc:48-131"
173,"Karstula","karstula","AP",1881,1889,34,"muuttaneet",02.02.2017,"print 3","print 3"
173,"Karstula","karstula","MKO4",1881,1886,23,"muuttaneet",17.12.2011,"print 3","print 3"
173,"Karstula","karstula","MKO4-5",1887,1890,11,"muuttaneet",17.12.2011,"print 3","print 3"
173,"Karstula","karstula","AP",1890,1915,92,"muuttaneet",02.02.2017,"print 10","print 10"
173,"Karstula","karstula","MKO6",1890,1909,33,"muuttaneet",17.12.2011,"print 10","print 10"
173,"Karstula","karstula","MKO9",1890,1902,31,"muuttaneet",17.12.2011,"print 7","print 7"
174,"Karttula","karttula","AP",1841,1863,104,"muuttaneet",03.05.2022,"free text","free text"
174,"Karttula","karttula","MKO31-34",1841,1863,112,"muuttaneet",09.12.2014,"free text","free text"
174,"Karttula","karttula","AP",1860,1863,7,"muuttaneet",03.05.2022,"handrawn in","handrawn in"
174,"Karttula","karttula","MKO1",1860,1863,3,"muuttaneet",09.12.2014,"handrawn in","handrawn in"
174,"Karttula","karttula","AP",1864,1895,199,"muuttaneet",03.05.2022,"halfbook:1-129, handrawn out:130-199","halfbook:1-129, handrawn out:130-199"
174,"Karttula","karttula","MKO35-40",1864,1889,165,"muuttaneet",09.12.2014,"halfbook:1-127, handrawn out:128-165","halfbook:1-127, handrawn out:128-165"
174,"Karttula","karttula","AP",1868,1896,92,"muuttaneet",03.05.2022,"handrawn in","handrawn in"
174,"Karttula","karttula","MKO2-3",1868,1889,45,"muuttaneet",09.12.2014,"handrawn in","handrawn in"
174,"Karttula","karttula","AP",1885,1885,43,"muuttaneet",03.05.2022,"Print 32","print 32"
174,"Karttula","karttula","MKO3-4",1890,1896,43,"muuttaneet",09.12.2014,"handrawn in","handrawn in"
174,"Karttula","karttula","MKO40-41",1890,1896,32,"muuttaneet",09.12.2014,"handrawn out","handrawn out"
174,"Karttula","karttula","AP",1896,1909,199,"muuttaneet",03.05.2022,"print 8","print 8"
174,"Karttula","karttula","MKO5-9",1896,1906,150,"muuttaneet",09.12.2014,"print 8","print 8"
174,"Karttula","karttula","MKO10-11",1906,1909,44,"muuttaneet",03.04.2018,"print 8","print 8"
174,"Karttula","karttula","AP",1910,1927,124,"muuttaneet",03.05.2022,"print 16","print 16"
174,"Karttula","karttula","MKO12-13",1910,1915,60,"muuttaneet",03.04.2018,"print 16","print 16"
174,"Karttula","karttula","MKO14-15",1915,1919,60,"muuttaneet",11.10.2021,"print 16","print 16"
175,"Karuna","karuna","AP",1805,1838,78,"muuttaneet",15.09.2019,"handrawn in/out","handrawn in/out"
175,"Karuna","karuna","JK593",1805,1838,80,"muuttaneet",19.08.2010,"handrawn in/out","handrawn in/out"
175,"Karuna","karuna","JK593_SISAAN",1839,1885,56,"muuttaneet",22.08.2010,"handrawn in","handrawn in"
175,"Karuna","karuna","JK593_ULOS",1839,1885,50,"muuttaneet",19.08.2010,"handrawn out","handrawn out"
175,"Karuna","karuna","JK593_SISAAN",1886,1895,19,"muuttaneet",19.08.2010,"handrawn in","handrawn in"
175,"Karuna","karuna","JK593_ULOS",1886,1895,18,"muuttaneet",19.08.2010,"handrawn out","handrawn out"
175,"Karuna","karuna","MKO6",1896,1909,57,"muuttaneet",23.03.2013,"print 45","print 45"
176,"Karunki","karunki","IK197",1820,1858,96,"muuttaneet",10.03.2007,"halfbook misc","halfbook misc"
176,"Karunki","karunki","IK197",1859,1880,64,"muuttaneet",10.03.2007,"handrawn in/out","handrawn in/out"
176,"Karunki","karunki","MKO10",1881,1883,12,"muuttaneet",31.05.2008,"print 17","print 17"
176,"Karunki","karunki","MKO7",1881,1883,11,"muuttaneet",31.05.2008,"print 1","print 1"
176,"Karunki","karunki","MKO10-11",1884,1904,48,"muuttaneet",31.05.2008,"print 17","print 17"
176,"Karunki","karunki","MKO7-8",1884,1906,49,"muuttaneet",31.05.2008,"print 1","print 1"
177,"Karvia","karvia","JK507",1798,1842,86,"muuttaneet",07.09.2007,"empty:1-4, halfbook in:5-9, handrawn in/out:10-86","empty:1-4, halfbook in:5-9, handrawn in/out:10-86"
177,"Karvia","karvia","JK507",1843,1883,48,"muuttaneet",07.09.2007,"handrawn in/out","handrawn in/out"
177,"Karvia","karvia","JK507",1884,1893,11,"muuttaneet",07.09.2007,"handrawn in/out","handrawn in/out"
178,"Kaskinen - Kaskö","kaskinen","AP",1846,1888,53,"muuttaneet",04.07.2013,"handrawn in/out","handrawn in/out"
178,"Kaskinen - Kaskö","kaskinen","UK214",1846,1884,52,"muuttaneet",09.10.2009,"handrawn in/out","handrawn in/out"
178,"Kaskinen - Kaskö","kaskinen","UK214",1885,1890,7,"muuttaneet",09.10.2009,"handrawn in/out","handrawn in/out"
178,"Kaskinen - Kaskö","kaskinen","AP",1889,1890,4,"muuttaneet",04.07.2013,"handrawn in/out","handrawn in/out"
178,"Kaskinen - Kaskö","kaskinen","AP",1891,1913,37,"muuttaneet",04.07.2013,"print 45","print 45"
180,"Kauhajoki","kauhajoki","MKO2",1805,1812,12,"muuttaneet",31.07.2010,"handrawn misc","handrawn misc"
180,"Kauhajoki","kauhajoki","AP",1819,1843,88,"muuttaneet",19.11.2019,"handrawn in/out","handrawn in/out"
180,"Kauhajoki","kauhajoki","MKO3-8",1819,1886,172,"muuttaneet",31.07.2010,"halfbook in/out:1-73, handrawn in/out:74-172","halfbook in/out:1-73, handrawn in/out:74-172"
180,"Kauhajoki","kauhajoki","UK73",1819,1843,90,"muuttaneet",20.02.2010,"halfbook in/out","halfbook in/out"
180,"Kauhajoki","kauhajoki","AP",1844,1878,80,"muuttaneet",19.11.2019,"handrawn in/out","handrawn in/out"
180,"Kauhajoki","kauhajoki","UK73",1844,1878,79,"muuttaneet",31.07.2010,"handrawn in/out","handrawn in/out"
180,"Kauhajoki","kauhajoki","AP",1879,1899,59,"muuttaneet",19.11.2019,"handrawn in/out","handrawn in/out"
180,"Kauhajoki","kauhajoki","MKO8-10",1886,1899,41,"muuttaneet",31.07.2010,"handrawn in/out","handrawn in/out"
180,"Kauhajoki","kauhajoki","AP",1900,1914,91,"muuttaneet",20.09.2015,"print 4","print 4"
180,"Kauhajoki","kauhajoki","MKO11-12",1900,1909,60,"muuttaneet",27.01.2012,"print 4","print 4"
181,"Kauhava","kauhava","UK132",1751,1780,42,"muuttaneet",01.05.2011,"halfbook","halfbook"
181,"Kauhava","kauhava","UK132",1808,1824,84,"muuttaneet",01.05.2011,"handrawn in/out","handrawn in/out"
181,"Kauhava","kauhava","MKO567-575",1824,1885,258,"muuttaneet",31.05.2010,"halfbook in/out:1-31, handrawn in/out:32-132, halfbook misc:133-213, handrawn misc:214-258","halfbook in/out:1-31, handrawn in/out:32-132, halfbook misc:133-213, handrawn misc:214-258"
181,"Kauhava","kauhava","MKO575-576",1886,1895,24,"muuttaneet",31.05.2010,"handrawn in/out","handrawn in/out"
181,"Kauhava","kauhava","MKO577-578",1895,1909,60,"muuttaneet",12.09.2014,"print 45","print 45"
182,"Kaukola","kaukola","MKO267",1868,1887,30,"muuttaneet",26.06.2012,"handrawn out/in","handrawn out/in"
182,"Kaukola","kaukola","MKO268",1888,1890,8,"muuttaneet",26.06.2012,"handrawn out/in","handrawn out/in"
182,"Kaukola","kaukola","MKO271",1891,1897,18,"muuttaneet",26.06.2012,"handrawn out/in","handrawn out/in"
182,"Kaukola","kaukola","MKO272-273",1898,1910,50,"muuttaneet",16.03.2013,"print 8","print 8"
183,"Kaustinen - Kaustby","kaustinen","MKO265",1779,1784,4,"muuttaneet",01.03.2017,"handrawn in/out","handrawn in/out"
183,"Kaustinen - Kaustby","kaustinen","MKO266",1786,1790,4,"muuttaneet",01.03.2017,"Print 33","print 33"
183,"Kaustinen - Kaustby","kaustinen","MKO267-271",1806,1872,128,"muuttaneet",01.03.2017,"handrawn misc","handrawn misc"
183,"Kaustinen - Kaustby","kaustinen","MKO272",1873,1892,23,"muuttaneet",01.03.2017,"handrawn in/out","handrawn in/out"
183,"Kaustinen - Kaustby","kaustinen","MKO272",1892,1897,6,"muuttaneet",01.03.2017,"handrawn in/out","handrawn in/out"
183,"Kaustinen - Kaustby","kaustinen","MKO273-274",1898,1933,60,"muuttaneet",01.03.2017,"print 45","print 45"
184,"Kauvatsa","kauvatsa","AP",1804,1868,220,"muuttaneet",19.01.2013,"handrawn misc:1-77, halfbook in/out:78-208, handrawn in/out:209-220","handrawn misc:1-77, halfbook in/out:78-208, handrawn in/out:209-220"
184,"Kauvatsa","kauvatsa","JK817",1804,1868,240,"muuttaneet",19.06.2009,"empty:1-16, handrawn misc:17-93, halfbook in/out:94-227, handrawn in/out:228-240","empty:1-16, handrawn misc:17-93, halfbook in/out:94-227, handrawn in/out:228-240"
184,"Kauvatsa","kauvatsa","MKO8-9",1866,1884,25,"muuttaneet",19.06.2009,"handrawn in/out","handrawn in/out"
184,"Kauvatsa","kauvatsa","AP",1869,1886,23,"muuttaneet",19.01.2013,"handrawn in/out","handrawn in/out"
184,"Kauvatsa","kauvatsa","MKO9",1885,1893,11,"muuttaneet",19.06.2009,"handrawn in/out","handrawn in/out"
184,"Kauvatsa","kauvatsa","AP",1887,1912,43,"muuttaneet",19.01.2013,"handrawn in/out","handrawn in/out"
189,"Kemi","kemi","MSRK_IK276",1806,1851,142,"muuttaneet",18.02.2007,"empty:1-6, handrawn in/out:7-142","empty:1-6, handrawn in/out:7-142"
189,"Kemi","kemi","MSRK_AP",1852,1868,161,"muuttaneet",04.04.2022,"handrawn in/out","handrawn in/out"
189,"Kemi","kemi","MSRK_IK276",1852,1868,146,"muuttaneet",18.02.2007,"handrawn in/out","handrawn in/out"
189,"Kemi","kemi","MSRK_MKO6-10",1869,1883,138,"muuttaneet",13.05.2008,"handrawn misc","handrawn misc"
189,"Kemi","kemi","MSRK_MKO10-11",1884,1890,32,"muuttaneet",13.05.2008,"handrawn misc","handrawn misc"
189,"Kemi","kemi","MSRK_AP",1891,1900,185,"muuttaneet",04.04.2022,"print 17","print 17"
189,"Kemi","kemi","MKO12-16",1891,1900,137,"muuttaneet",13.05.2008,"print 1","print 1"
189,"Kemi","kemi","MKO17-18",1891,1900,47,"muuttaneet",13.05.2008,"print 17","print 17"
189,"Kemi","kemi","MSRK_AP",1901,1922,297,"muuttaneet",04.04.2022,"print 8","print 8"
189,"Kemi","kemi","MSRK_MKO19-21",1901,1907,90,"muuttaneet",12.12.2007,"print 8","print 8"
188,"Kemijärvi","kemijarvi","IK200",1751,1780,9,"muuttaneet",17.10.2006,"free text","free text"
188,"Kemijärvi","kemijarvi","IK201",1806,1833,17,"muuttaneet",22.10.2006,"handrawn in/out","handrawn in/out"
188,"Kemijärvi","kemijarvi","IK201-202",1848,1882,31,"muuttaneet",22.10.2006,"handrawn in/out","handrawn in/out"
188,"Kemijärvi","kemijarvi","IK202",1882,1899,26,"muuttaneet",22.10.2006,"handrawn misc","handrawn misc"
188,"Kemijärvi","kemijarvi","MKO1",1900,1908,30,"muuttaneet",31.05.2008,"print 8","print 8"
191,"Kemiö - Kimito","kemio","JK612",1747,1780,73,"muuttaneet",01.01.2010,"free text:1-32, handrawn:33-73","free text:1-32, handrawn:33-73"
191,"Kemiö - Kimito","kemio","AP",1806,1878,162,"muuttaneet",16.02.2016,"handrawn in","handrawn in"
191,"Kemiö - Kimito","kemio","AP",1806,1874,168,"muuttaneet",16.02.2016,"handrawn out","handrawn out"
191,"Kemiö - Kimito","kemio","JK612-613",1806,1874,173,"muuttaneet",01.01.2010,"handrawn out","handrawn out"
191,"Kemiö - Kimito","kemio","JK613",1806,1878,163,"muuttaneet",01.01.2010,"handrawn in","handrawn in"
191,"Kemiö - Kimito","kemio","AP",1859,1878,74,"muuttaneet",12.03.2020,"handrawn misc","handrawn misc"
191,"Kemiö - Kimito","kemio","AP_ULOS",1875,1922,119,"muuttaneet",12.03.2020,"handrawn out","handrawn out"
191,"Kemiö - Kimito","kemio","AP_SIS",1879,1922,88,"muuttaneet",12.03.2020,"handrawn in","handrawn in"
192,"Kempele","kempele","MKO108",1891,1908,30,"muuttaneet",15.01.2018,"print 1","print 1"
192,"Kempele","kempele","MKO124",1891,1907,30,"muuttaneet",15.01.2018,"print 17","print 17"
193,"Kerimäki","kerimaki","AP",1792,1866,82,"muuttaneet",08.09.2022,"handrawn","handrawn"
193,"Kerimäki","kerimaki","TK2160",1792,1848,132,"muuttaneet",30.01.2008,"halfbook:1-19, handrawn misc:20-132","halfbook:1-19, handrawn misc:20-132"
193,"Kerimäki","kerimaki","TK2160-2161",1855,1878,242,"muuttaneet",30.01.2008,"halfbook:1-132, handrawn misc:133-241","halfbook:1-132, handrawn misc:133-241"
195,"Kestilä","kestila","MKO1",1857,1880,21,"muuttaneet",05.02.2015,"handrawn in/out","handrawn in/out"
195,"Kestilä","kestila","AP",1880,1924,188,"muuttaneet",21.03.2022,"print 1","print 1"
195,"Kestilä","kestila","MKO2",1880,1890,12,"muuttaneet",05.02.2015,"print 1","print 1"
195,"Kestilä","kestila","MKO5",1880,1891,18,"muuttaneet",05.02.2015,"print 17","print 17"
195,"Kestilä","kestila","MKO2",1891,1901,18,"muuttaneet",05.02.2015,"print 1","print 1"
196,"Kesälahti","kesalahti","MKO1",1856,1879,26,"muuttaneet",01.03.2016,"handrawn out/in","handrawn out/in"
196,"Kesälahti","kesalahti","MKO2",1880,1891,26,"muuttaneet",01.03.2016,"print 1","print 1"
196,"Kesälahti","kesalahti","MKO2A",1880,1891,29,"muuttaneet",01.03.2016,"print 17","print 17"
196,"Kesälahti","kesalahti","MKO2-3",1892,1910,34,"muuttaneet",01.03.2016,"print 1","print 1"
196,"Kesälahti","kesalahti","MKO2A-3A",1892,1902,31,"muuttaneet",01.03.2016,"print 17","print 17"
197,"Keuruu","keuruu","AP",1809,1818,14,"muuttaneet",03.05.2019,"print 34","print 34"
197,"Keuruu","keuruu","UK389",1809,1818,18,"muuttaneet",17.03.2008,"print 34","print 34"
197,"Keuruu","keuruu","AP",1818,1826,13,"muuttaneet",03.05.2019,"print 35","print 35"
197,"Keuruu","keuruu","UK390",1818,1826,17,"muuttaneet",08.04.2008,"print 35","print 35"
197,"Keuruu","keuruu","AP",1829,1832,8,"muuttaneet",03.05.2019,"print 35","print 35"
197,"Keuruu","keuruu","UK391",1829,1832,12,"muuttaneet",08.04.2008,"print 35","print 35"
197,"Keuruu","keuruu","UK396",1832,1862,94,"muuttaneet",17.03.2008,"handrawn in/out:1-53, halfbook in/out:54-85, handrawn in/out:86-94","handrawn in/out:1-53, halfbook in/out:54-85, handrawn in/out:86-94"
197,"Keuruu","keuruu","AP",1863,1895,93,"muuttaneet",03.05.2019,"handrawn in/out","handrawn in/out"
197,"Keuruu","keuruu","MKO496-497",1863,1884,55,"muuttaneet",03.01.2009,"handrawn in/out","handrawn in/out"
197,"Keuruu","keuruu","MKO497-499",1885,1895,37,"muuttaneet",23.12.2008,"handrawn in/out","handrawn in/out"
197,"Keuruu","keuruu","AP",1892,1901,66,"muuttaneet",03.05.2019,"halfbook","halfbook"
197,"Keuruu","keuruu","AP",1896,1904,41,"muuttaneet",03.05.2019,"handrawn in/out","handrawn in/out"
197,"Keuruu","keuruu","MKO500-501",1896,1904,40,"muuttaneet",02.04.2009,"handrawn in/out","handrawn in/out"
197,"Keuruu","keuruu","AP_SIS",1905,1916,28,"muuttaneet",03.05.2019,"print 2","print 2"
197,"Keuruu","keuruu","AP_ULOS",1905,1916,44,"muuttaneet",03.05.2019,"print 7","print 7"
197,"Keuruu","keuruu","MKO502",1905,1909,8,"muuttaneet",10.06.2010,"print 2","print 2"
197,"Keuruu","keuruu","MKO505",1905,1910,15,"muuttaneet",10.06.2010,"print 7","print 7"
199,"Kiihtelysvaara","kiihtelysvaara","AP_SIS",1784,1839,13,"muuttaneet",18.05.2023,"handrawn","handrawn"
199,"Kiihtelysvaara","kiihtelysvaara","AP_ULOS",1784,1839,11,"muuttaneet",18.05.2023,"handrawn","handrawn"
199,"Kiihtelysvaara","kiihtelysvaara","TK1290",1784,1839,27,"muuttaneet",02.01.2008,"handrawn","handrawn"
199,"Kiihtelysvaara","kiihtelysvaara","AP_SIS",1840,1860,14,"muuttaneet",18.05.2023,"handrawn in","handrawn in"
199,"Kiihtelysvaara","kiihtelysvaara","AP_ULOS",1840,1860,10,"muuttaneet",18.05.2023,"handrawn out","handrawn out"
199,"Kiihtelysvaara","kiihtelysvaara","MKO459-460",1840,1860,30,"muuttaneet",02.01.2008,"handrawn out","handrawn out"
199,"Kiihtelysvaara","kiihtelysvaara","AP",1842,1858,202,"muuttaneet",18.05.2023,"free text","free text"
199,"Kiihtelysvaara","kiihtelysvaara","AP_ULOS",1858,1894,118,"muuttaneet",18.05.2023,"halfbook","halfbook"
199,"Kiihtelysvaara","kiihtelysvaara","AP",1865,1881,30,"muuttaneet",18.05.2023,"handrawn misc","handrawn misc"
199,"Kiihtelysvaara","kiihtelysvaara","MKO461",1865,1881,30,"muuttaneet",02.01.2008,"handrawn misc","handrawn misc"
199,"Kiihtelysvaara","kiihtelysvaara","AP",1882,1920,428,"muuttaneet",18.05.2023,"print 17","print 17"
199,"Kiihtelysvaara","kiihtelysvaara","MKO462-479",1882,1901,158,"muuttaneet",02.01.2008,"print 1","print 1"
199,"Kiihtelysvaara","kiihtelysvaara","MKO480-482",1901,1913,90,"muuttaneet",30.06.2017,"print 17","print 17"
200,"Kiikala","kiikala","AP",1812,1856,90,"muuttaneet",23.09.2019,"handrawn in/out","handrawn in/out"
200,"Kiikala","kiikala","JK1051",1812,1856,85,"muuttaneet",26.08.2008,"handrawn in/out","handrawn in/out"
200,"Kiikala","kiikala","JK1051-1052",1857,1883,68,"muuttaneet",26.08.2008,"handrawn in/out","handrawn in/out"
200,"Kiikala","kiikala","JK1052",1884,1890,12,"muuttaneet",26.08.2008,"handrawn in/out","handrawn in/out"
200,"Kiikala","kiikala","AP",1890,1930,100,"muuttaneet",11.01.2018,"handrawn in/out","handrawn in/out"
200,"Kiikala","kiikala","MKO4",1890,1904,30,"muuttaneet",19.08.2010,"handrawn in/out","handrawn in/out"
201,"Kiikka","kiikka","AP",1806,1835,40,"muuttaneet",22.07.2014,"handrawn in/out","handrawn in/out"
201,"Kiikka","kiikka","MKO1-2",1806,1835,36,"muuttaneet",31.03.2010,"handrawn misc","handrawn misc"
201,"Kiikka","kiikka","AP",1836,1890,114,"muuttaneet",22.07.2014,"handrawn in/out","handrawn in/out"
201,"Kiikka","kiikka","MKO3-6",1836,1885,100,"muuttaneet",31.03.2010,"handrawn in/out","handrawn in/out"
201,"Kiikka","kiikka","MKO6",1885,1890,11,"muuttaneet",31.03.2010,"handrawn in/out","handrawn in/out"
201,"Kiikka","kiikka","AP",1891,1912,152,"muuttaneet",22.07.2012,"print 4","print 4"
201,"Kiikka","kiikka","MKO7-8",1891,1906,60,"muuttaneet",28.07.2010,"print 4","print 4"
202,"Kiikoinen","kiikoinen","AP",1853,1887,52,"muuttaneet",19.12.2013,"handrawn in/out","handrawn in/out"
202,"Kiikoinen","kiikoinen","JK813",1853,1883,88,"muuttaneet",17.01.2008,"handrawn misc","handrawn misc"
202,"Kiikoinen","kiikoinen","JK813",1884,1892,31,"muuttaneet",17.01.2008,"handrawn misc","handrawn misc"
202,"Kiikoinen","kiikoinen","AP",1888,1892,10,"muuttaneet",19.12.2013,"handrawn in/out","handrawn in/out"
202,"Kiikoinen","kiikoinen","AP",1893,1912,77,"muuttaneet",19.12.2013,"print 45","print 45"
202,"Kiikoinen","kiikoinen","MKO3",1893,1905,30,"muuttaneet",25.07.2010,"print 45","print 45"
203,"Kiiminki","kiiminki","MKO4",1881,1889,9,"muuttaneet",28.05.2014,"print 1","print 1"
203,"Kiiminki","kiiminki","MKO4",1889,1905,21,"muuttaneet",28.05.2014,"print 1","print 1"
205,"Kirkkonummi - Kyrkslätt","kirkkonummi","AP",1806,1829,194,"muuttaneet",12.11.2021,"handrawn in/out","handrawn in/out"
205,"Kirkkonummi - Kyrkslätt","kirkkonummi","ES207",1806,1829,201,"muuttaneet",21.08.2007,"handrawn in/out","handrawn in/out"
205,"Kirkkonummi - Kyrkslätt","kirkkonummi","AP",1830,1851,281,"muuttaneet",12.11.2021,"handrawn in/out","handrawn in/out"
205,"Kirkkonummi - Kyrkslätt","kirkkonummi","ES207",1830,1851,287,"muuttaneet",21.08.2007,"handrawn in/out","handrawn in/out"
205,"Kirkkonummi - Kyrkslätt","kirkkonummi","AP",1852,1892,145,"muuttaneet",09.05.2017,"handrawn in/out","handrawn in/out"
205,"Kirkkonummi - Kyrkslätt","kirkkonummi","ES207",1852,1883,121,"muuttaneet",21.08.2007,"handrawn in/out","handrawn in/out"
205,"Kirkkonummi - Kyrkslätt","kirkkonummi","ES207",1884,1910,103,"muuttaneet",21.08.2007,"handrawn in/out","handrawn in/out"
205,"Kirkkonummi - Kyrkslätt","kirkkonummi","AP",1893,1910,76,"muuttaneet",09.05.2017,"handrawn in/out","handrawn in/out"
205,"Kirkkonummi - Kyrkslätt","kirkkonummi","AP_SIS",1911,1913,8,"muuttaneet",09.05.2017,"print 2","print 2"
205,"Kirkkonummi - Kyrkslätt","kirkkonummi","AP_ULOS",1911,1913,11,"muuttaneet",09.05.2017,"print 7","print 7"
206,"Kirvu","kirvu","MKO429",1871,1884,24,"muuttaneet",06.06.2009,"handrawn in/out","handrawn in/out"
206,"Kirvu","kirvu","MKO429-430",1885,1890,11,"muuttaneet",06.06.2009,"handrawn in/out","handrawn in/out"
206,"Kirvu","kirvu","MKO431",1890,1902,30,"muuttaneet",06.06.2009,"print 10","print 10"
206,"Kirvu","kirvu","MKO435",1900,1910,30,"muuttaneet",06.06.2009,"print 7","print 7"
207,"Kisko","kisko","AP",1832,1869,83,"muuttaneet",29.09.2015,"handrawn in/out","handrawn in/out"
207,"Kisko","kisko","JK1039",1832,1869,85,"muuttaneet",15.03.2011,"handrawn in/out","handrawn in/out"
207,"Kisko","kisko","AP",1870,1899,78,"muuttaneet",29.09.2015,"handrawn in/out","handrawn in/out"
207,"Kisko","kisko","AP",1900,1910,29,"muuttaneet",12.01.2018,"handrawn in/out","handrawn in/out"
207,"Kisko","kisko","AP",1911,1950,149,"muuttaneet",12.01.2018,"print 45","print 45"
208,"Kitee - Kides","kitee","TK2147",1737,1760,31,"muuttaneet",21.11.2008,"halfbook","halfbook"
208,"Kitee - Kides","kitee","TK2149",1815,1832,9,"muuttaneet",08.04.2009,"handrawn out","handrawn out"
208,"Kitee - Kides","kitee","TK2149",1834,1837,3,"muuttaneet",09.04.2009,"handrawn","handrawn"
208,"Kitee - Kides","kitee","MKO838",1875,1884,21,"muuttaneet",01.09.2009,"print 1:5-21","print 1:5-21"
208,"Kitee - Kides","kitee","MKO842",1880,1884,26,"muuttaneet",01.09.2009,"print 17","print 17"
208,"Kitee - Kides","kitee","MKO838-841",1885,1903,76,"muuttaneet",01.09.2009,"print 1","print 1"
208,"Kitee - Kides","kitee","MKO842-846",1885,1903,115,"muuttaneet",01.09.2009,"print 17","print 17"
208,"Kitee - Kides","kitee","MKO847",1903,1906,33,"muuttaneet",01.09.2009,"print 8","print 8"
208,"Kitee - Kides","kitee","MKO848-851",1906,1915,116,"muuttaneet",27.07.2017,"print 8","print 8"
209,"Kittilä","kittila","IK366",1829,1868,147,"muuttaneet",11.03.2008,"handrawn in/out","handrawn in/out"
209,"Kittilä","kittila","MKO1",1880,1883,4,"muuttaneet",17.04.2008,"print 1","print 1"
209,"Kittilä","kittila","MKO5",1880,1883,6,"muuttaneet",17.04.2008,"print 17","print 17"
209,"Kittilä","kittila","MKO1",1884,1904,26,"muuttaneet",17.04.2008,"print 1","print 1"
209,"Kittilä","kittila","MKO5",1884,1903,24,"muuttaneet",17.04.2008,"print 17","print 17"
210,"Kiukainen","kiukainen","AP",1804,1853,254,"muuttaneet",24.07.2012,"handrawn in/out","handrawn in/out"
210,"Kiukainen","kiukainen","JK418-418A",1804,1853,262,"muuttaneet",18.06.2009,"handrawn in/out","handrawn in/out"
210,"Kiukainen","kiukainen","AP",1854,1886,127,"muuttaneet",26.10.2011,"handrawn in/out","handrawn in/out"
210,"Kiukainen","kiukainen","MKO1-4",1854,1883,118,"muuttaneet",18.06.2009,"handrawn in/out","handrawn in/out"
210,"Kiukainen","kiukainen","MKO4-5",1884,1890,15,"muuttaneet",18.06.2009,"handrawn in/out","handrawn in/out"
210,"Kiukainen","kiukainen","AP",1886,1890,14,"muuttaneet",26.10.2011,"handrawn in/out","handrawn in/out"
210,"Kiukainen","kiukainen","AP",1891,1910,240,"muuttaneet",26.10.2011,"print 45","print 45"
210,"Kiukainen","kiukainen","MKO6-7",1891,1910,60,"muuttaneet",18.06.2009,"print 45","print 45"
211,"Kiuruvesi","kiuruvesi","MKO1-2",1804,1837,39,"muuttaneet",05.02.2015,"handrawn misc","handrawn misc"
211,"Kiuruvesi","kiuruvesi","MKO3-4",1841,1856,36,"muuttaneet",05.02.2015,"handrawn in/out","handrawn in/out"
211,"Kiuruvesi","kiuruvesi","MKO5",1857,1874,20,"muuttaneet",05.02.2015,"handrawn in","handrawn in"
211,"Kiuruvesi","kiuruvesi","MKO6-7",1857,1879,46,"muuttaneet",05.02.2015,"handrawn out:1-20, halfbook:21-46","handrawn out:1-20, halfbook:21-46"
211,"Kiuruvesi","kiuruvesi","MKO8",1875,1885,22,"muuttaneet",05.02.2015,"handrawn in","handrawn in"
211,"Kiuruvesi","kiuruvesi","MKO9-10",1879,1890,31,"muuttaneet",05.02.2015,"handrawn out:1-20, halfbook:21-31","handrawn out:1-20, halfbook:21-31"
211,"Kiuruvesi","kiuruvesi","AP",1885,1916,365,"muuttaneet",28.05.2020,"print 1","print 1"
211,"Kiuruvesi","kiuruvesi","MKO11",1885,1890,25,"muuttaneet",05.02.2015,"print 1","print 1"
211,"Kiuruvesi","kiuruvesi","MKO16",1885,1890,27,"muuttaneet",05.02.2015,"print 17","print 17"
211,"Kiuruvesi","kiuruvesi","MKO10",1890,1894,10,"muuttaneet",05.02.2015,"handrawn","handrawn"
211,"Kiuruvesi","kiuruvesi","MKO11-14",1891,1910,95,"muuttaneet",05.02.2015,"print 1","print 1"
211,"Kiuruvesi","kiuruvesi","MKO16-20",1891,1908,123,"muuttaneet",05.02.2015,"print 17","print 17"
211,"Kiuruvesi","kiuruvesi","AP",1917,1920,54,"muuttaneet",28.05.2020,"print 16","print 16"
213,"Kivijärvi - Kivijärv","kivijarvi","MKO1-2",1873,1890,62,"muuttaneet",18.11.2015,"handrawn in/out","handrawn in/out"
213,"Kivijärvi - Kivijärv","kivijarvi","MKO2",1891,1898,22,"muuttaneet",18.11.2015,"handrawn","handrawn"
213,"Kivijärvi - Kivijärv","kivijarvi","AP_SIS",1902,1915,19,"muuttaneet",16.02.2017,"print 2","print 2"
213,"Kivijärvi - Kivijärv","kivijarvi","AP_ULOS",1902,1915,26,"muuttaneet",16.02.2017,"print 7","print 7"
685,"Kodisjoki","kodisjoki","MKO7",1817,1832,6,"muuttaneet",23.07.2010,"handrawn","handrawn"
685,"Kodisjoki","kodisjoki","AP",1836,1863,29,"muuttaneet",08.11.2016,"handrawn in/out","handrawn in/out"
685,"Kodisjoki","kodisjoki","MKO1",1836,1863,24,"muuttaneet",23.07.2010,"handrawn in/out","handrawn in/out"
216,"Koivulahti - Kvevlax","koivulahti","MKO1-11",1805,1890,281,"muuttaneet",11.07.2015,"handrawn misc","handrawn misc"
216,"Koivulahti - Kvevlax","koivulahti","MKO12",1891,1905,30,"muuttaneet",11.07.2015,"print 45","print 45"
217,"Kokemäki - Kumo","kokemaki","AP",1834,1868,143,"muuttaneet",23.08.2012,"handrawn in/out","handrawn in/out"
217,"Kokemäki - Kumo","kokemaki","JK544",1834,1868,160,"muuttaneet",25.12.2008,"handrawn in/out ","handrawn in/out "
217,"Kokemäki - Kumo","kokemaki","AP",1868,1887,42,"muuttaneet",23.08.2012,"handrawn in/out","handrawn in/out"
217,"Kokemäki - Kumo","kokemaki","MKO6-7",1868,1884,32,"muuttaneet",19.06.2009,"handrawn in/out","handrawn in/out"
217,"Kokemäki - Kumo","kokemaki","MKO7-10",1885,1909,93,"muuttaneet",19.06.2009,"handrawn in/out:1-33, print 45:34-93","handrawn in/out:1-33, print 45:34-93"
217,"Kokemäki - Kumo","kokemaki","AP",1887,1895,28,"muuttaneet",23.08.2012,"handrawn in/out","handrawn in/out"
217,"Kokemäki - Kumo","kokemaki","AP",1896,1912,86,"muuttaneet",23.08.2012,"print 45","print 45"
218,"Kokkola - Gamlakarleby","kokkola","MKO447-450",1838,1861,93,"muuttaneet",07.10.2011,"handrawn in/out","handrawn in/out"
218,"Kokkola - Gamlakarleby","kokkola","MKO451-453",1862,1886,88,"muuttaneet",07.10.2011,"handrawn in/out","handrawn in/out"
218,"Kokkola - Gamlakarleby","kokkola","MKO453-455",1887,1891,27,"muuttaneet",07.10.2011,"handrawn in/out","handrawn in/out"
218,"Kokkola - Gamlakarleby","kokkola","MKO456-457",1892,1897,52,"muuttaneet",07.10.2011,"print 4","print 4"
219,"Kolari","kolari","IK358",1858,1880,15,"muuttaneet",20.01.2008,"handrawn in/out","handrawn in/out"
220,"Konginkangas","konginkangas","AP",1880,1891,16,"muuttaneet",19.05.2016,"print 3","print 3"
220,"Konginkangas","konginkangas","MKO1",1880,1889,12,"muuttaneet",16.10.2014,"print 3","print 3"
220,"Konginkangas","konginkangas","MKO1-2",1890,1899,19,"muuttaneet",16.10.2014,"print 3","print 3"
220,"Konginkangas","konginkangas","AP",1891,1899,18,"muuttaneet",19.05.2016,"print 3","print 3"
220,"Konginkangas","konginkangas","AP",1900,1921,60,"muuttaneet",10.05.2022,"print 7","print 7"
222,"Kontiolahti","kontiolahti","MKO738",1801,1812,5,"muuttaneet",12.02.2007,"handrawn in","handrawn in"
222,"Kontiolahti","kontiolahti","MKO739",1801,1812,4,"muuttaneet",12.02.2007,"handrawn out","handrawn out"
222,"Kontiolahti","kontiolahti","MKO740",1813,1814,2,"muuttaneet",12.02.2007,"handrawn in","handrawn in"
222,"Kontiolahti","kontiolahti","MKO741",1813,1845,8,"muuttaneet",12.02.2007,"handrawn out","handrawn out"
222,"Kontiolahti","kontiolahti","MKO742",1846,1859,9,"muuttaneet",23.04.2008,"handrawn misc","handrawn misc"
222,"Kontiolahti","kontiolahti","MKO743-744",1866,1887,50,"muuttaneet",09.10.2017,"free text:1-16, handrawn out:17-50","free text:1-16, handrawn out:17-50"
222,"Kontiolahti","kontiolahti","MKO745-746",1866,1887,47,"muuttaneet",09.10.2017,"handrawn in","handrawn in"
222,"Kontiolahti","kontiolahti","MKO747-749",1880,1892,73,"muuttaneet",09.10.2017,"print 1","print 1"
222,"Kontiolahti","kontiolahti","MKO754-755",1881,1892,53,"muuttaneet",09.10.2017,"print 17","print 17"
222,"Kontiolahti","kontiolahti","MKO749-753",1893,1906,115,"muuttaneet",09.10.2017,"print 1","print 1"
222,"Kontiolahti","kontiolahti","MKO755-759",1893,1906,120,"muuttaneet",09.10.2017,"print 17","print 17"
222,"Kontiolahti","kontiolahti","MKO760-764",1907,1914,150,"muuttaneet",09.10.2017,"print 46","print 46"
224,"Korpilahti","korpilahti","AP",1839,1853,36,"muuttaneet",17.03.2015,"handrawn misc","handrawn misc"
224,"Korpilahti","korpilahti","AP",1862,1872,184,"muuttaneet",17.03.2015,"free text","free text"
224,"Korpilahti","korpilahti","MKO695-697",1862,1872,66,"muuttaneet",08.12.2011,"halfbook:1-35, handrawn out/in:36-45, halfbook:46-66","halfbook:1-35, handrawn out/in:36-45, halfbook:46-66"
224,"Korpilahti","korpilahti","AP",1871,1890,22,"muuttaneet",17.03.2015,"handrawn in","handrawn in"
224,"Korpilahti","korpilahti","MKO682-683",1871,1887,24,"muuttaneet",08.12.2011,"handrawn","handrawn"
224,"Korpilahti","korpilahti","AP",1873,1890,93,"muuttaneet",17.03.2015,"halfbook:1-78, handrawn:79-93","halfbook:1-78, handrawn:79-93"
224,"Korpilahti","korpilahti","MKO698-700",1873,1887,83,"muuttaneet",08.12.2011,"halfbook:1-77, handrawn:78-83","halfbook:1-77, handrawn:78-83"
224,"Korpilahti","korpilahti","MKO683",1887,1890,3,"muuttaneet",08.12.2011,"handrawn","handrawn"
224,"Korpilahti","korpilahti","MKO700-701",1887,1890,9,"muuttaneet",08.12.2011,"handrawn","handrawn"
224,"Korpilahti","korpilahti","MKO684",1890,1898,30,"muuttaneet",08.12.2011,"print 10","print 10"
224,"Korpilahti","korpilahti","MKO703-704",1890,1898,60,"muuttaneet",08.12.2011,"print 7","print 7"
224,"Korpilahti","korpilahti","MKO705-706",1898,1906,60,"muuttaneet",08.12.2011,"print 7","print 7"
224,"Korpilahti","korpilahti","MKO685",1899,1906,30,"muuttaneet",08.12.2011,"print 10","print 10"
224,"Korpilahti","korpilahti","AP",1903,1916,10,"muuttaneet",17.03.2015,"handrawn","handrawn"
226,"Korppoo - Korpo","korppoo","JK742",1816,1820,9,"muuttaneet",01.05.2008,"handrawn in/out","handrawn in/out"
226,"Korppoo - Korpo","korppoo","JK742",1821,1883,81,"muuttaneet",01.05.2008,"handrawn in/out","handrawn in/out"
226,"Korppoo - Korpo","korppoo","MKO4",1866,1889,23,"muuttaneet",13.03.2014,"handrawn in/out","handrawn in/out"
226,"Korppoo - Korpo","korppoo","JK742",1884,1892,12,"muuttaneet",01.05.2008,"handrawn in/out","handrawn in/out"
226,"Korppoo - Korpo","korppoo","MKO4",1890,1892,4,"muuttaneet",13.03.2014,"handrawn in/out","handrawn in/out"
226,"Korppoo - Korpo","korppoo","MKO5",1892,1913,30,"muuttaneet",16.01.2015,"print 45","print 45"
228,"Korsnäs","korsnas","UK254",1827,1886,78,"muuttaneet",01.08.2010,"handrawn misc","handrawn misc"
228,"Korsnäs","korsnas","UK254",1887,1897,10,"muuttaneet",01.08.2010,"handrawn in/out","handrawn in/out"
229,"Kortesjärvi","kortesjarvi","UK137",1805,1841,39,"muuttaneet",16.11.2009,"handrawn misc","handrawn misc"
229,"Kortesjärvi","kortesjarvi","UK137",1842,1883,103,"muuttaneet",16.11.2009,"handrawn misc","handrawn misc"
231,"Kosken tehdas - Koskis bruk","kosken_tehdas","AP",1807,1824,14,"muuttaneet",23.05.2012,"handrawn in/out","handrawn in/out"
231,"Kosken tehdas - Koskis bruk","kosken_tehdas","AP",1825,1851,77,"muuttaneet",15.02.2021,"halfbook misc","halfbook misc"
231,"Kosken tehdas - Koskis bruk","kosken_tehdas","AP",1852,1868,32,"muuttaneet",15.02.2021,"handrawn misc","handrawn misc"
233,"Koski Tl - Koskis Åbo l","koski_tl","AP",1805,1886,80,"muuttaneet",19.09.2015,"halfbook in:1-40, handrawn in:41-80","halfbook in:1-40, handrawn in:41-80"
233,"Koski Tl - Koskis Åbo l","koski_tl","AP",1805,1884,87,"muuttaneet",19.09.2015,"halfbook out:1-45, handrawn out:46-87","halfbook out:1-45, handrawn out:46-87"
233,"Koski Tl - Koskis Åbo l","koski_tl","JK225_SIS",1805,1884,78,"muuttaneet",04.10.2008,"halfbook in:1-47, handrawn in:48-78","halfbook in:1-47, handrawn in:48-78"
233,"Koski Tl - Koskis Åbo l","koski_tl","JK225_ULOS",1805,1884,90,"muuttaneet",04.10.2008,"halfbook out:1-47, handrawn out:48-90","halfbook out:1-47, handrawn out:48-90"
233,"Koski Tl - Koskis Åbo l","koski_tl","JK224A",1819,1836,19,"muuttaneet",23.04.2008,"free text","free text"
233,"Koski Tl - Koskis Åbo l","koski_tl","JK225",1885,1886,7,"muuttaneet",04.10.2008,"handrawn in/out","handrawn in/out"
233,"Koski Tl - Koskis Åbo l","koski_tl","AP",1887,1916,89,"muuttaneet",23.02.2022,"print 3","print 3"
233,"Koski Tl - Koskis Åbo l","koski_tl","MKO1-2",1887,1907,60,"muuttaneet",16.04.2010,"print 3","print 3"
234,"Kotka","kotka","AP_SIS",1894,1913,190,"muuttaneet",30.11.2023,"print 10","print 10"
234,"Kotka","kotka","AP_ULOS",1894,1918,192,"muuttaneet",30.11.2023,"print 7","print 7"
234,"Kotka","kotka","MKO779-781",1894,1906,90,"muuttaneet",31.07.2010,"print 10","print 10"
234,"Kotka","kotka","MKO829-830",1894,1908,60,"muuttaneet",31.07.2010,"print 7","print 7"
234,"Kotka","kotka","AP_SIS",1913,1922,102,"muuttaneet",30.11.2023,"print 10","print 10"
234,"Kotka","kotka","AP_ULOS",1919,1922,31,"muuttaneet",30.11.2023,"print 37","print 37"
235,"Kouvola","kouvola","AP",1921,1922,19,"muuttaneet",17.03.2023,"print 15","print 15"
237,"Kruunupyy - Kronoby","kruunupyy","AP",1828,1880,78,"muuttaneet",13.05.2022,"handrawn misc","handrawn misc"
237,"Kruunupyy - Kronoby","kruunupyy","MKO1",1828,1855,18,"muuttaneet",20.05.2016,"handrawn misc","handrawn misc"
237,"Kruunupyy - Kronoby","kruunupyy","MKO2-3",1828,1880,37,"muuttaneet",20.05.2016,"handrawn out","handrawn out"
237,"Kruunupyy - Kronoby","kruunupyy","MKO4",1856,1880,12,"muuttaneet",20.05.2016,"handrawn in","handrawn in"
237,"Kruunupyy - Kronoby","kruunupyy","AP",1881,1906,146,"muuttaneet",13.05.2022,"print 3","print 3"
237,"Kruunupyy - Kronoby","kruunupyy","MKO5-6",1881,1891,36,"muuttaneet",20.05.2016,"print 3","print 3"
237,"Kruunupyy - Kronoby","kruunupyy","MKO6-9",1892,1906,102,"muuttaneet",20.05.2016,"print 3","print 3"
237,"Kruunupyy - Kronoby","kruunupyy","AP",1907,1946,151,"muuttaneet",13.05.2022,"print 45","print 45"
238,"Kuhmalahti","kuhmalahti","TK146",1821,1841,39,"muuttaneet",19.10.2014,"handrawn in/out","handrawn in/out"
238,"Kuhmalahti","kuhmalahti","TK146",1842,1886,94,"muuttaneet",19.10.2014,"handrawn misc","handrawn misc"
239,"Kuhmo","kuhmo","IK115",1859,1885,92,"muuttaneet",10.12.2010,"handrawn misc","handrawn misc"
239,"Kuhmo","kuhmo","AP_SIS",1886,1921,62,"muuttaneet",07.11.2022,"print 1","print 1"
239,"Kuhmo","kuhmo","AP_ULOS",1886,1922,116,"muuttaneet",07.11.2022,"print 17","print 17"
239,"Kuhmo","kuhmo","MKO4",1886,1896,30,"muuttaneet",13.05.2008,"print 17","print 17"
240,"Kuhmoinen","kuhmoinen","AP",1834,1871,165,"muuttaneet",17.12.2013,"handrawn in/out:1-105, halfbook:106-165","handrawn in/out:1-105, halfbook:106-165"
240,"Kuhmoinen","kuhmoinen","TK580",1834,1871,180,"muuttaneet",17.03.2011,"handrawn in/out:1-116, free text:117-180","handrawn in/out:1-116, free text:117-180"
240,"Kuhmoinen","kuhmoinen","TK580",1834,1865,104,"muuttaneet",17.05.2007,"handrawn in/out:1-101, free text:102-104","handrawn in/out:1-101, free text:102-104"
240,"Kuhmoinen","kuhmoinen","TK580",1848,1860,135,"muuttaneet",17.03.2011,"free text","free text"
240,"Kuhmoinen","kuhmoinen","AP",1873,1883,176,"muuttaneet",17.12.2013,"free text:1-156, handrawn out/in:157-176","free text:1-156, handrawn out/in:157-176"
240,"Kuhmoinen","kuhmoinen","AP",1884,1889,14,"muuttaneet",17.12.2013,"print 3","print 3"
240,"Kuhmoinen","kuhmoinen","AP",1889,1890,6,"muuttaneet",17.12.2013,"print 3","print 3"
241,"Kuivaniemi","kuivaniemi","IK239",1853,1883,60,"muuttaneet",29.11.2007,"handrawn misc","handrawn misc"
241,"Kuivaniemi","kuivaniemi","IK239",1884,1894,21,"muuttaneet",29.11.2007,"handrawn misc","handrawn misc"
241,"Kuivaniemi","kuivaniemi","MKO1",1895,1910,30,"muuttaneet",30.08.2021,"print 8","print 8"
242,"Kullaa","kullaa","AP",1835,1889,139,"muuttaneet",30.07.2014,"handrawn misc","handrawn misc"
242,"Kullaa","kullaa","MKO1-4",1835,1881,118,"muuttaneet",27.10.2011,"handrawn misc","handrawn misc"
242,"Kullaa","kullaa","AP",1875,1877,3,"muuttaneet",27.10.2011,"handrawn in/out","handrawn in/out"
242,"Kullaa","kullaa","JK560",1875,1877,3,"muuttaneet",27.10.2011,"handrawn in/out","handrawn in/out"
242,"Kullaa","kullaa","MKO5",1882,1885,7,"muuttaneet",26.03.2010,"handrawn in/out","handrawn in/out"
242,"Kullaa","kullaa","MKO5",1886,1889,7,"muuttaneet",26.03.2010,"handrawn in/out","handrawn in/out"
242,"Kullaa","kullaa","AP",1890,1910,157,"muuttaneet",27.10.2011,"print 38","print 38"
242,"Kullaa","kullaa","MKO6-8",1890,1905,90,"muuttaneet",26.03.2010,"print 38","print 38"
248,"Kuopio","kuopio","MSRK_TK1655",1787,1819,74,"muuttaneet",16.03.2007,"handrawn out","handrawn out"
248,"Kuopio","kuopio","MSRK_TK1655",1787,1820,101,"muuttaneet",16.03.2007,"handrawn in","handrawn in"
248,"Kuopio","kuopio","MSRK_TK1656",1844,1865,182,"muuttaneet",27.02.2007,"handrawn in","handrawn in"
248,"Kuopio","kuopio","MSRK_MKO8-26",1866,1900,303,"muuttaneet",27.02.2007,"handrawn in:1-50, print 1:51-303","handrawn in:1-50, print 1:51-303"
248,"Kuopio","kuopio","MSRK_MKO9",1866,1871,24,"muuttaneet",05.04.2018,"handrawn out","handrawn out"
248,"Kuopio","kuopio","MSRK_MKO_8-13",1866,1882,76,"muuttaneet",15.06.2007,"handrawn in:1-50, print 1:51-76","handrawn in:1-50, print 1:51-76"
248,"Kuopio","kuopio","MSRK_MKO11-12",1872,1879,34,"muuttaneet",05.04.2018,"handrawn out","handrawn out"
248,"Kuopio","kuopio","MSRK_MKO17-21",1880,1890,141,"muuttaneet",05.04.2018,"print 17","print 17"
248,"Kuopio","kuopio","MSRK_MKO27-33",1891,1901,200,"muuttaneet",05.04.2018,"print 17","print 17"
248,"Kuopio","kuopio","MSRK_MKO34-43",1901,1907,284,"muuttaneet",04.06.2018,"print 8","print 8"
248,"Kuopio","kuopio","MSRK_MKO44-54",1908,1914,317,"muuttaneet",04.06.2018,"print 16","print 16"
248,"Kuopio","kuopio","MSRK_MKO55-57",1915,1916,90,"muuttaneet",04.06.2018,"print 16","print 16"
246,"Kuopion tuomiokirkkosrk - Kuopio domkyrkoförsamling","kuopion_tuomiokirkkosrk","MKO11-13",1860,1874,72,"muuttaneet",26.01.2017,"handrawn in","handrawn in"
246,"Kuopion tuomiokirkkosrk - Kuopio domkyrkoförsamling","kuopion_tuomiokirkkosrk","MKO14-19",1875,1888,122,"muuttaneet",26.01.2017,"handrawn in","handrawn in"
246,"Kuopion tuomiokirkkosrk - Kuopio domkyrkoförsamling","kuopion_tuomiokirkkosrk","MKO160-162",1875,1888,79,"muuttaneet",15.01.2018,"handrawn out","handrawn out"
246,"Kuopion tuomiokirkkosrk - Kuopio domkyrkoförsamling","kuopion_tuomiokirkkosrk","MKO163-165",1889,1893,87,"muuttaneet",15.01.2018,"print 17","print 17"
246,"Kuopion tuomiokirkkosrk - Kuopio domkyrkoförsamling","kuopion_tuomiokirkkosrk","MKO20-22",1889,1892,84,"muuttaneet",26.01.2017,"print 1","print 1"
246,"Kuopion tuomiokirkkosrk - Kuopio domkyrkoförsamling","kuopion_tuomiokirkkosrk","MKO22-27",1893,1899,159,"muuttaneet",26.01.2017,"print 1","print 1"
246,"Kuopion tuomiokirkkosrk - Kuopio domkyrkoförsamling","kuopion_tuomiokirkkosrk","MKO165-169",1894,1899,114,"muuttaneet",15.01.2018,"print 17","print 17"
246,"Kuopion tuomiokirkkosrk - Kuopio domkyrkoförsamling","kuopion_tuomiokirkkosrk","MKO28-37",1900,1904,277,"muuttaneet",05.06.2018,"print 8","print 8"
246,"Kuopion tuomiokirkkosrk - Kuopio domkyrkoförsamling","kuopion_tuomiokirkkosrk","MKO38-49",1905,1910,348,"muuttaneet",05.06.2018,"print 16","print 16"
246,"Kuopion tuomiokirkkosrk - Kuopio domkyrkoförsamling","kuopion_tuomiokirkkosrk","MKO50-59",1910,1914,296,"muuttaneet",05.06.2018,"print 16","print 16"
246,"Kuopion tuomiokirkkosrk - Kuopio domkyrkoförsamling","kuopion_tuomiokirkkosrk","MKO60-63",1915,1916,120,"muuttaneet",05.06.2018,"print 16","print 16"
249,"Kuorevesi","kuorevesi","TK508",1805,1819,49,"muuttaneet",19.01.2011,"handrawn in/out","handrawn in/out"
249,"Kuorevesi","kuorevesi","TK508",1823,1832,60,"muuttaneet",19.01.2011,"handrawn misc","handrawn misc"
249,"Kuorevesi","kuorevesi","TK508",1833,1853,45,"muuttaneet",19.01.2011,"handrawn misc","handrawn misc"
249,"Kuorevesi","kuorevesi","MKO1-2",1854,1886,47,"muuttaneet",19.01.2011,"handrawn in/out","handrawn in/out"
249,"Kuorevesi","kuorevesi","TK508",1854,1886,55,"muuttaneet",19.01.2011,"handrawn in/out","handrawn in/out"
249,"Kuorevesi","kuorevesi","MKO2-3",1887,1892,22,"muuttaneet",19.01.2011,"handrawn in/out","handrawn in/out"
249,"Kuorevesi","kuorevesi","TK508",1887,1892,28,"muuttaneet",19.01.2011,"handrawn in/out","handrawn in/out"
249,"Kuorevesi","kuorevesi","MKO4",1893,1906,30,"muuttaneet",19.01.2011,"print 45","print 45"
249,"Kuorevesi","kuorevesi","AP",1907,1913,21,"muuttaneet",25.02.2020,"print 45","print 45"
249,"Kuorevesi","kuorevesi","AP",1913,1919,12,"muuttaneet",25.02.2020,"print 2","print 2"
250,"Kuortane","kuortane","UK331",1809,1884,65,"muuttaneet",14.02.2009,"handrawn misc","handrawn misc"
250,"Kuortane","kuortane","UK332",1809,1884,49,"muuttaneet",14.02.2009,"handrawn in","handrawn in"
250,"Kuortane","kuortane","UK331",1885,1890,5,"muuttaneet",14.02.2009,"handrawn out","handrawn out"
250,"Kuortane","kuortane","UK332",1885,1890,5,"muuttaneet",14.02.2009,"handrawn in","handrawn in"
250,"Kuortane","kuortane","MKO6",1890,1903,30,"muuttaneet",23.06.2009,"print 45","print 45"
251,"Kurikka","kurikka","UK92",1805,1853,191,"muuttaneet",21.04.2010,"handrawn in/out","handrawn in/out"
251,"Kurikka","kurikka","UK92",1853,1885,85,"muuttaneet",21.04.2010,"handrawn in/out","handrawn in/out"
251,"Kurikka","kurikka","UK92",1886,1899,60,"muuttaneet",21.04.2010,"handrawn","handrawn"
253,"Kuru","kuru","TK221",1817,1836,94,"muuttaneet",15.10.2009,"free text","free text"
253,"Kuru","kuru","AP",1837,1868,147,"muuttaneet",10.09.2015,"free text","free text"
253,"Kuru","kuru","TK221",1837,1868,149,"muuttaneet",09.08.2007,"free text","free text"
253,"Kuru","kuru","AP",1868,1889,63,"muuttaneet",10.09.2015,"halfbook:1-23, handrawn in/out:24-63","halfbook:1-23, handrawn in/out:24-63"
253,"Kuru","kuru","MKO6-7",1868,1883,42,"muuttaneet",02.09.2008,"halfbook:1-26, handrawn in/out:27-42","halfbook:1-26, handrawn in/out:27-42"
253,"Kuru","kuru","MKO7",1884,1889,17,"muuttaneet",02.09.2008,"handrawn in/out","handrawn in/out"
253,"Kuru","kuru","AP",1890,1915,98,"muuttaneet",10.09.2015,"handrawn in/out","handrawn in/out"
253,"Kuru","kuru","MKO8-10",1890,1912,79,"muuttaneet",17.09.2013,"handrawn in/out","handrawn in/out"
253,"Kuru","kuru","AP_SIS",1916,1940,52,"muuttaneet",18.05.2022,"print 2","print 2"
253,"Kuru","kuru","AP_ULOS",1916,1935,53,"muuttaneet",18.05.2022,"print 2","print 2"
254,"Kustavi - Gustavs","kustavi","AP",1806,1870,96,"muuttaneet",08.10.2019,"handrawn in/out:1-83, halfbook:84-96","handrawn in/out:1-83, halfbook:84-96"
254,"Kustavi - Gustavs","kustavi","AP",1806,1871,93,"muuttaneet",24.05.2016,"handrawn in/out:1-81, halfbook:82-93","handrawn in/out:1-81, halfbook:82-93"
254,"Kustavi - Gustavs","kustavi","AP",1871,1909,89,"muuttaneet",06.12.2022,"handrawn in/out","handrawn in/out"
254,"Kustavi - Gustavs","kustavi","MKO1",1871,1887,27,"muuttaneet",26.02.2012,"handrawn in/out","handrawn in/out"
254,"Kustavi - Gustavs","kustavi","MKO1-3",1888,1909,58,"muuttaneet",26.02.2012,"handrawn in/out","handrawn in/out"
254,"Kustavi - Gustavs","kustavi","AP",1910,1921,25,"muuttaneet",06.12.2022,"print 44","print 44"
255,"Kuusamo","kuusamo","IK234",1818,1879,72,"muuttaneet",12.04.2009,"handrawn in/out","handrawn in/out"
255,"Kuusamo","kuusamo","IK234",1880,1890,31,"muuttaneet",12.04.2009,"handrawn misc","handrawn misc"
255,"Kuusamo","kuusamo","MKO1",1891,1906,30,"muuttaneet",29.12.2008,"print 1","print 1"
255,"Kuusamo","kuusamo","MKO35",1891,1905,30,"muuttaneet",01.02.2009,"print 17","print 17"
256,"Kuusankoski","kuusankoski","AP_SIS",1919,1922,20,"muuttaneet",29.08.2023,"print 2","print 2"
256,"Kuusankoski","kuusankoski","AP_ULOS",1919,1922,12,"muuttaneet",29.08.2023,"print 7","print 7"
257,"Kuusisto - Kustö","kuusisto","AP",1806,1841,43,"muuttaneet",29.08.2019,"handrawn in","handrawn in"
257,"Kuusisto - Kustö","kuusisto","JK1307",1806,1841,43,"muuttaneet",24.05.2010,"handrawn in","handrawn in"
258,"Kuusjoki","kuusjoki","AP",1886,1893,20,"muuttaneet",16.01.2018,"print 3","print 3"
258,"Kuusjoki","kuusjoki","MKO1",1886,1890,12,"muuttaneet",08.01.2015,"print 3","print 3"
258,"Kuusjoki","kuusjoki","MKO1-2",1891,1908,47,"muuttaneet",08.01.2015,"print 3","print 3"
258,"Kuusjoki","kuusjoki","AP",1894,1934,173,"muuttaneet",16.01.2018,"print 3","print 3"
260,"Kylmäkoski","kylmakoski","AP",1844,1889,53,"muuttaneet",28.05.2023,"handrawn out/in","handrawn out/in"
260,"Kylmäkoski","kylmakoski","TK126",1844,1885,48,"muuttaneet",25.02.2010,"handrawn misc","handrawn misc"
260,"Kylmäkoski","kylmakoski","TK126",1886,1889,6,"muuttaneet",25.02.2010,"handrawn out/in","handrawn out/in"
260,"Kylmäkoski","kylmakoski","AP",1890,1914,107,"muuttaneet",06.07.2015,"print 45","print 45"
260,"Kylmäkoski","kylmakoski","MKO3-5",1890,1910,71,"muuttaneet",18.12.2010,"print 45","print 45"
260,"Kylmäkoski","kylmakoski","MKO5",1911,1915,13,"muuttaneet",08.02.2018,"print 45","print 45"
261,"Kymi - Kymmene","kymi","MKO90-92",1842,1862,67,"muuttaneet",22.12.2016,"free text","free text"
261,"Kymi - Kymmene","kymi","MKO93-96",1863,1888,105,"muuttaneet",04.02.2013,"free text","free text"
261,"Kymi - Kymmene","kymi","MKO1-2",1869,1888,40,"muuttaneet",04.02.2013,"handrawn in","handrawn in"
261,"Kymi - Kymmene","kymi","MKO96",1888,1893,12,"muuttaneet",04.02.2013,"handrawn out","handrawn out"
261,"Kymi - Kymmene","kymi","MKO2-3",1889,1893,22,"muuttaneet",04.02.2013,"handrawn in","handrawn in"
261,"Kymi - Kymmene","kymi","AP_SIS",1894,1922,183,"muuttaneet",04.12.2023,"print 10","print 10"
261,"Kymi - Kymmene","kymi","AP_ULOS",1894,1922,143,"muuttaneet",04.12.2023,"print 7","print 7"
261,"Kymi - Kymmene","kymi","MKO4-5",1894,1905,60,"muuttaneet",04.02.2013,"print 10","print 10"
266,"Kärkölä","karkola","MKO1-11",1836,1874,311,"muuttaneet",23.11.2011,"halfbook","halfbook"
266,"Kärkölä","karkola","MKO14",1847,1874,22,"muuttaneet",23.11.2011,"handrawn in","handrawn in"
266,"Kärkölä","karkola","MKO12-13",1874,1884,38,"muuttaneet",23.11.2011,"handrawn in/out","handrawn in/out"
266,"Kärkölä","karkola","MKO15",1885,1886,12,"muuttaneet",23.11.2011,"print 3","print 3"
266,"Kärkölä","karkola","MKO15-17",1887,1897,73,"muuttaneet",23.11.2011,"print 3","print 3"
266,"Kärkölä","karkola","MKO18",1897,1904,30,"muuttaneet",23.11.2011,"print 10","print 10"
266,"Kärkölä","karkola","MKO23-24",1897,1910,60,"muuttaneet",23.11.2011,"print 7","print 7"
267,"Kärsämäki","karsamaki","IK164",1840,1872,78,"muuttaneet",25.12.2009,"handrawn in/out","handrawn in/out"
269,"Köyliö - Kjulo","koylio","AP",1797,1820,130,"muuttaneet",20.09.2013,"handrawn in/out:1-83, halfbook:84-130","handrawn in/out:1-83, halfbook:84-130"
269,"Köyliö - Kjulo","koylio","MKO1",1797,1802,17,"muuttaneet",28.03.2010,"handrawn in/out","handrawn in/out"
269,"Köyliö - Kjulo","koylio","MKO2-3",1801,1811,32,"muuttaneet",28.03.2010,"free text","free text"
269,"Köyliö - Kjulo","koylio","AP",1802,1811,35,"muuttaneet",20.09.2013,"free text","free text"
269,"Köyliö - Kjulo","koylio","MKO4-5",1813,1830,63,"muuttaneet",28.03.2010,"handrawn in/out","handrawn in/out"
269,"Köyliö - Kjulo","koylio","AP",1831,1866,89,"muuttaneet",20.09.2013,"handrawn in/out","handrawn in/out"
269,"Köyliö - Kjulo","koylio","MKO10-12",1831,1866,87,"muuttaneet",28.03.2010,"handrawn in/out","handrawn in/out"
269,"Köyliö - Kjulo","koylio","AP",1867,1887,35,"muuttaneet",16.08.2013,"handrawn in/out","handrawn in/out"
269,"Köyliö - Kjulo","koylio","MKO13-14",1867,1885,31,"muuttaneet",28.03.2010,"handrawn in/out","handrawn in/out"
269,"Köyliö - Kjulo","koylio","MKO14",1886,1897,21,"muuttaneet",28.03.2010,"handrawn in/out","handrawn in/out"
269,"Köyliö - Kjulo","koylio","AP",1888,1897,21,"muuttaneet",16.08.2013,"handrawn in/out","handrawn in/out"
269,"Köyliö - Kjulo","koylio","AP",1898,1912,59,"muuttaneet",16.08.2013,"print 45","print 45"
269,"Köyliö - Kjulo","koylio","MKO15",1898,1909,30,"muuttaneet",28.03.2010,"print 4","print 4"
271,"Laihia - Laihela","laihia","MKO1",1734,1801,22,"muuttaneet",01.12.2010,"halfbook","halfbook"
271,"Laihia - Laihela","laihia","MKO2",1801,1813,23,"muuttaneet",01.12.2010,"handrawn misc","handrawn misc"
271,"Laihia - Laihela","laihia","UK104-105",1814,1883,181,"muuttaneet",22.08.2007,"handrawn misc","handrawn misc"
271,"Laihia - Laihela","laihia","MKO2",1883,1885,8,"muuttaneet",01.12.2010,"print 47","print 47"
271,"Laihia - Laihela","laihia","MKO2",1886,1890,12,"muuttaneet",01.12.2010,"print 47","print 47"
271,"Laihia - Laihela","laihia","MKO10-11",1891,1908,60,"muuttaneet",01.12.2010,"print 45","print 45"
272,"Laitila - Letala","laitila","AP",1755,1762,13,"muuttaneet",22.07.2012,"handrawn out/in","handrawn out/in"
272,"Laitila - Letala","laitila","AP",1809,1873,181,"muuttaneet",22.07.2012,"handrawn in/out","handrawn in/out"
272,"Laitila - Letala","laitila","AP",1874,1887,37,"muuttaneet",22.07.2012,"handrawn in/out","handrawn in/out"
272,"Laitila - Letala","laitila","AP",1887,1891,13,"muuttaneet",22.07.2012,"handrawn in/out","handrawn in/out"
272,"Laitila - Letala","laitila","AP",1892,1912,147,"muuttaneet",22.07.2012,"print 45","print 45"
273,"Lammi","lammi","MKO0",1873,1875,15,"muuttaneet",04.11.2011,"handrawn out/in","handrawn out/in"
273,"Lammi","lammi","MKO1-2",1880,1886,40,"muuttaneet",04.11.2011,"print 3","print 3"
273,"Lammi","lammi","MKO2-3",1887,1890,26,"muuttaneet",04.11.2011,"print 3","print 3"
273,"Lammi","lammi","AP_SIS",1891,1921,86,"muuttaneet",29.10.2022,"print 10","print 10"
273,"Lammi","lammi","MKO4",1891,1901,30,"muuttaneet",04.11.2011,"print 10","print 10"
281,"Lapinjärvi - Lappträsk","lapinjarvi","ES339",1732,1758,49,"muuttaneet",29.10.2007,"handrawn","handrawn"
281,"Lapinjärvi - Lappträsk","lapinjarvi","ES346",1787,1787,2,"muuttaneet",29.11.2007,"handrawn misc","handrawn misc"
281,"Lapinjärvi - Lappträsk","lapinjarvi","MKO1-5",1866,1890,137,"muuttaneet",10.09.2015,"handrawn in/out","handrawn in/out"
281,"Lapinjärvi - Lappträsk","lapinjarvi","MKO12",1890,1899,30,"muuttaneet",10.09.2015,"print 7","print 7"
281,"Lapinjärvi - Lappträsk","lapinjarvi","MKO6",1890,1901,30,"muuttaneet",10.09.2015,"print 10","print 10"
275,"Lapinlahti","lapinlahti","MKO1-2",1844,1868,49,"muuttaneet",04.01.2012,"handrawn in/out","handrawn in/out"
275,"Lapinlahti","lapinlahti","MKO3-6",1868,1887,98,"muuttaneet",04.01.2012,"handrawn misc","handrawn misc"
275,"Lapinlahti","lapinlahti","MKO7-11",1888,1909,150,"muuttaneet",04.01.2012,"print 17","print 17"
275,"Lapinlahti","lapinlahti","MKO16-18",1893,1908,90,"muuttaneet",04.01.2012,"print 1","print 1"
276,"Lappajärvi","lappajarvi","UK151",1806,1854,94,"muuttaneet",07.11.2009,"handrawn in/out","handrawn in/out"
276,"Lappajärvi","lappajarvi","UK151",1854,1885,84,"muuttaneet",07.11.2009,"handrawn in/out","handrawn in/out"
276,"Lappajärvi","lappajarvi","UK151",1886,1906,61,"muuttaneet",07.11.2009,"handrawn in/out","handrawn in/out"
277,"Lappee - Lappvesi","lappee","TK955",1753,1758,12,"muuttaneet",13.02.2009,"halfbook in/out","halfbook in/out"
277,"Lappee - Lappvesi","lappee","TK956",1805,1835,101,"muuttaneet",31.05.2009,"free text","free text"
277,"Lappee - Lappvesi","lappee","TK956-957",1836,1846,75,"muuttaneet",31.05.2009,"free text","free text"
277,"Lappee - Lappvesi","lappee","MKO8",1854,1868,3,"muuttaneet",18.07.2010,"handrawn abroad","handrawn abroad"
277,"Lappee - Lappvesi","lappee","MKO9",1873,1879,20,"muuttaneet",18.07.2010,"handrawn in/out","handrawn in/out"
277,"Lappee - Lappvesi","lappee","MKO10",1880,1885,16,"muuttaneet",18.07.2010,"print 3","print 3"
277,"Lappee - Lappvesi","lappee","MKO10-12",1886,1899,72,"muuttaneet",18.07.2010,"print 3","print 3"
277,"Lappee - Lappvesi","lappee","MKO13-16",1900,1909,117,"muuttaneet",17.07.2011,"print 8","print 8"
277,"Lappee - Lappvesi","lappee","MKO17",1910,1912,30,"muuttaneet",17.09.2013,"print 46","print 46"
279,"Lappeenranta - Villmanstrand","lappeenranta","MKO1",1880,1885,18,"muuttaneet",12.03.2010,"print 3","print 3"
279,"Lappeenranta - Villmanstrand","lappeenranta","MKO1-3",1886,1899,56,"muuttaneet",12.03.2010,"print 3","print 3"
279,"Lappeenranta - Villmanstrand","lappeenranta","MKO4-6",1900,1911,71,"muuttaneet",17.07.2011,"print 8","print 8"
280,"Lappi","lappi","AP",1817,1887,88,"muuttaneet",23.01.2013,"handrawn in/out","handrawn in/out"
280,"Lappi","lappi","MKO1-3",1817,1885,81,"muuttaneet",02.09.2009,"handrawn in/out","handrawn in/out"
280,"Lappi","lappi","MKO3-4",1886,1889,8,"muuttaneet",02.09.2009,"handrawn misc","handrawn misc"
280,"Lappi","lappi","AP",1888,1889,9,"muuttaneet",23.01.2013,"handrawn misc","handrawn misc"
280,"Lappi","lappi","AP",1890,1912,73,"muuttaneet",23.01.2013,"print 45","print 45"
280,"Lappi","lappi","MKO5",1890,1899,30,"muuttaneet",05.02.2010,"print 45","print 45"
282,"Lapua - Lappo","lapua","UK118",1808,1840,99,"muuttaneet",16.03.2009,"handrawn in/out","handrawn in/out"
282,"Lapua - Lappo","lapua","UK118",1841,1867,155,"muuttaneet",16.03.2009,"handrawn in/out","handrawn in/out"
282,"Lapua - Lappo","lapua","MKO6-7",1867,1884,46,"muuttaneet",29.08.2012,"halfbook:1-5, handrawn misc:6-46","halfbook:1-5, handrawn misc:6-46"
282,"Lapua - Lappo","lapua","MKO7-10",1885,1908,86,"muuttaneet",22.06.2009,"handrawn out/in:1-56, print 45:57-86","handrawn out/in:1-56, print 45:57-86"
283,"Lapväärtti - Lappfjärd","lapvaartti","MKO347-348",1844,1889,37,"muuttaneet",14.07.2015,"handrawn in","handrawn in"
283,"Lapväärtti - Lappfjärd","lapvaartti","MKO349-350",1844,1890,45,"muuttaneet",14.07.2015,"handrawn out","handrawn out"
283,"Lapväärtti - Lappfjärd","lapvaartti","MKO348",1889,1900,9,"muuttaneet",14.07.2015,"handrawn in","handrawn in"
283,"Lapväärtti - Lappfjärd","lapvaartti","MKO350",1890,1900,10,"muuttaneet",14.07.2015,"handrawn out","handrawn out"
283,"Lapväärtti - Lappfjärd","lapvaartti","MKO351",1901,1909,28,"muuttaneet",14.07.2015,"print 45","print 45"
284,"Laukaa","laukaa","AP",1841,1870,64,"muuttaneet",12.08.2015,"handrawn misc","handrawn misc"
284,"Laukaa","laukaa","UK407",1841,1871,74,"muuttaneet",22.04.2006,"handrawn misc","handrawn misc"
284,"Laukaa","laukaa","AP_SIS",1871,1890,35,"muuttaneet",21.10.2016,"handrawn in","handrawn in"
284,"Laukaa","laukaa","AP_ULOS",1871,1890,38,"muuttaneet",21.10.2016,"handrawn out","handrawn out"
284,"Laukaa","laukaa","MKO1",1871,1883,23,"muuttaneet",09.11.2008,"handrawn in","handrawn in"
284,"Laukaa","laukaa","MKO22",1871,1883,23,"muuttaneet",09.11.2008,"handrawn out","handrawn out"
284,"Laukaa","laukaa","MKO1-2",1884,1890,11,"muuttaneet",09.11.2008,"handrawn in","handrawn in"
284,"Laukaa","laukaa","MKO22-23",1884,1890,13,"muuttaneet",09.11.2008,"handrawn out","handrawn out"
284,"Laukaa","laukaa","AP",1891,1907,14,"muuttaneet",21.10.2016,"handrawn abroad","handrawn abroad"
284,"Laukaa","laukaa","AP_SIS",1891,1915,85,"muuttaneet",21.10.2016,"digital:1-22, Print 10:23-85","digital:1-22, print 10:23-85"
284,"Laukaa","laukaa","AP_ULOS",1891,1915,81,"muuttaneet",21.10.2016,"print 7","print 7"
284,"Laukaa","laukaa","MKO3-4",1891,1904,63,"muuttaneet",28.12.2006,"digital:1-22, Print 10:23-63","digital:1-22, print 10:23-63"
286,"Lavia","lavia","AP",1827,1891,87,"muuttaneet",14.02.2019,"handrawn in/out","handrawn in/out"
286,"Lavia","lavia","MKO1-3",1827,1885,70,"muuttaneet",02.12.2010,"handrawn in/out","handrawn in/out"
286,"Lavia","lavia","MKO3",1885,1891,11,"muuttaneet",02.12.2010,"handrawn misc","handrawn misc"
286,"Lavia","lavia","MKO4-5",1891,1905,60,"muuttaneet",02.12.2010,"print 45","print 45"
287,"Lehtimäki","lehtimaki","UK325",1800,1842,27,"muuttaneet",10.04.2010,"handrawn:1-12, halfbook:13-27","handrawn:1-12, halfbook:13-27"
287,"Lehtimäki","lehtimaki","UK325",1843,1872,47,"muuttaneet",10.04.2010,"handrawn misc","handrawn misc"
287,"Lehtimäki","lehtimaki","MKO4",1872,1885,16,"muuttaneet",10.04.2010,"print 3","print 3"
287,"Lehtimäki","lehtimaki","MKO4-5",1886,1903,44,"muuttaneet",10.04.2010,"print 3","print 3"
288,"Leivonmäki","leivonmaki","AP",1875,1891,42,"muuttaneet",04.03.2016,"handrawn in/out:3-14, print 3:15-42","handrawn in/out:3-14, print 3:15-42"
288,"Leivonmäki","leivonmaki","AP",1892,1911,63,"muuttaneet",04.03.2016,"print 3","print 3"
288,"Leivonmäki","leivonmaki","AP",1912,1914,9,"muuttaneet",04.03.2016,"print 15","print 15"
289,"Lemi","lemi","MKO100",1823,1884,35,"muuttaneet",02.07.2009,"handrawn misc","handrawn misc"
289,"Lemi","lemi","MKO100",1885,1893,14,"muuttaneet",02.07.2009,"print 3","print 3"
289,"Lemi","lemi","MKO101",1893,1913,49,"muuttaneet",17.09.2013,"print 3","print 3"
291,"Lempäälä","lempaala","TK413",1748,1778,100,"muuttaneet",16.12.2010,"halfbook misc","halfbook misc"
291,"Lempäälä","lempaala","TK413",1811,1835,26,"muuttaneet",16.12.2010,"handrawn misc","handrawn misc"
291,"Lempäälä","lempaala","MKO1-2",1836,1839,38,"muuttaneet",16.12.2010,"handrawn in/out","handrawn in/out"
291,"Lempäälä","lempaala","MKO3-4",1840,1847,43,"muuttaneet",16.12.2010,"handrawn in/out","handrawn in/out"
291,"Lempäälä","lempaala","MKO5-7",1848,1885,90,"muuttaneet",16.12.2010,"handrawn in/out","handrawn in/out"
291,"Lempäälä","lempaala","MKO8",1886,1894,21,"muuttaneet",16.12.2010,"handrawn in/out","handrawn in/out"
291,"Lempäälä","lempaala","MKO9-10",1895,1904,49,"muuttaneet",16.12.2010,"print 45","print 45"
291,"Lempäälä","lempaala","AP_SIS",1905,1922,29,"muuttaneet",15.03.2024,"print 2","print 2"
291,"Lempäälä","lempaala","AP_ULOS",1905,1922,39,"muuttaneet",15.03.2024,"print 7","print 7"
291,"Lempäälä","lempaala","MKO11_SISAAN",1905,1910,10,"muuttaneet",16.12.2010,"print 2","print 2"
291,"Lempäälä","lempaala","MKO11_ULOS",1905,1910,13,"muuttaneet",16.12.2010,"print 7","print 7"
292,"Lemu","lemu","AP",1804,1811,36,"muuttaneet",23.05.2012,"handrawn misc","handrawn misc"
292,"Lemu","lemu","AP",1812,1840,90,"muuttaneet",23.05.2012,"handrawn in/out","handrawn in/out"
292,"Lemu","lemu","MKO1-6",1841,1887,162,"muuttaneet",26.03.2012,"handrawn in/out","handrawn in/out"
292,"Lemu","lemu","MKO7",1888,1899,30,"muuttaneet",26.03.2012,"print 3","print 3"
292,"Lemu","lemu","MKO8",1899,1912,30,"muuttaneet",19.04.2014,"print 3","print 3"
294,"Leppävirta","leppavirta","TK2088",1776,1805,100,"muuttaneet",07.12.2007,"halfbook","halfbook"
294,"Leppävirta","leppavirta","TK2090",1813,1827,107,"muuttaneet",07.12.2007,"halfbook misc","halfbook misc"
294,"Leppävirta","leppavirta","TK2090",1828,1849,477,"muuttaneet",07.12.2007,"halfbook","halfbook"
294,"Leppävirta","leppavirta","MKO1-3",1850,1864,87,"muuttaneet",20.06.2006,"halfbook in","halfbook in"
294,"Leppävirta","leppavirta","MKO1-4",1850,1859,93,"muuttaneet",20.06.2006,"halfbook out","halfbook out"
294,"Leppävirta","leppavirta","MKO5-9",1859,1881,150,"muuttaneet",20.06.2006,"halfbook out:1-117, handrawn out:118-150","halfbook out:1-117, handrawn out:118-150"
294,"Leppävirta","leppavirta","MKO4-5",1865,1881,60,"muuttaneet",20.06.2006,"halfbook out:1-42, handrawn out:43-60","halfbook out:1-42, handrawn out:43-60"
294,"Leppävirta","leppavirta","MKO6-9",1883,1897,77,"muuttaneet",21.11.2008,"handrawn in:1-13, print 1:14-77","handrawn in:1-13, print 1:14-77"
294,"Leppävirta","leppavirta","MKO10-14",1884,1897,109,"muuttaneet",21.11.2008,"handrawn out:1-15, print 17:16-109","handrawn out:1-15, print 17:16-109"
295,"Lestijärvi","lestijarvi","MKO91",1861,1891,25,"muuttaneet",28.01.2017,"handrawn in/out","handrawn in/out"
295,"Lestijärvi","lestijarvi","MKO91",1892,1898,5,"muuttaneet",28.01.2017,"handrawn in/out","handrawn in/out"
296,"Lieto - Lundo","lieto","JK1021",1767,1810,46,"muuttaneet",14.03.2011,"halfbook misc","halfbook misc"
296,"Lieto - Lundo","lieto","JK1021",1811,1837,96,"muuttaneet",14.03.2011,"halfbook misc","halfbook misc"
296,"Lieto - Lundo","lieto","JK1021",1838,1880,141,"muuttaneet",14.03.2011,"handrawn misc","handrawn misc"
296,"Lieto - Lundo","lieto","MKO7",1881,1888,12,"muuttaneet",07.05.2012,"handrawn in","handrawn in"
296,"Lieto - Lundo","lieto","MKO8",1881,1888,14,"muuttaneet",07.05.2012,"handrawn out","handrawn out"
296,"Lieto - Lundo","lieto","MKO7",1888,1892,10,"muuttaneet",07.05.2012,"handrawn in","handrawn in"
296,"Lieto - Lundo","lieto","MKO8",1888,1892,12,"muuttaneet",07.05.2012,"handrawn out","handrawn out"
296,"Lieto - Lundo","lieto","MKO9-12",1893,1912,131,"muuttaneet",07.05.2012,"print 45","print 45"
296,"Lieto - Lundo","lieto","MKO13",1910,1915,30,"muuttaneet",23.04.2017,"print 45","print 45"
297,"Liljendal","liljendal","MKO1",1870,1889,18,"muuttaneet",09.09.2014,"handrawn","handrawn"
297,"Liljendal","liljendal","MKO9-10",1874,1889,57,"muuttaneet",09.09.2014,"handrawn","handrawn"
297,"Liljendal","liljendal","MKO1",1889,1902,12,"muuttaneet",09.09.2014,"handrawn in","handrawn in"
297,"Liljendal","liljendal","MKO10-11",1889,1900,33,"muuttaneet",09.09.2014,"handrawn out","handrawn out"
297,"Liljendal","liljendal","MKO3",1904,1904,1,"muuttaneet",09.09.2014,"print 52","print 52"
298,"Liminka - Limingo","liminka","MKO1-2",1863,1880,58,"muuttaneet",12.11.2011,"handrawn out/in","handrawn out/in"
298,"Liminka - Limingo","liminka","MKO3",1881,1886,17,"muuttaneet",12.11.2011,"print 17","print 17"
298,"Liminka - Limingo","liminka","MKO7",1881,1886,17,"muuttaneet",12.11.2011,"print 1","print 1"
298,"Liminka - Limingo","liminka","MKO3-6",1887,1905,80,"muuttaneet",12.11.2011,"print 17","print 17"
298,"Liminka - Limingo","liminka","MKO7-9",1887,1905,65,"muuttaneet",12.11.2011,"print 1","print 1"
299,"Liperi","liperi","AP",1748,1772,3,"muuttaneet",14.02.2024,"free text","free text"
299,"Liperi","liperi","MKO1106-1107",1748,1772,5,"muuttaneet",20.01.2016,"free text","free text"
299,"Liperi","liperi","AP",1772,1831,18,"muuttaneet",14.02.2024,"handrawn","handrawn"
299,"Liperi","liperi","MKO1108",1775,1787,6,"muuttaneet",20.01.2016,"handrawn","handrawn"
299,"Liperi","liperi","MKO1109",1775,1812,6,"muuttaneet",07.01.2007,"handrawn","handrawn"
299,"Liperi","liperi","AP",1802,1812,5,"muuttaneet",14.02.2024,"handrawn in","handrawn in"
299,"Liperi","liperi","MKO52",1802,1812,5,"muuttaneet",07.01.2007,"handrawn in","handrawn in"
299,"Liperi","liperi","MKO1110",1811,1814,3,"muuttaneet",07.01.2007,"handrawn misc","handrawn misc"
299,"Liperi","liperi","MKO1111",1813,1814,2,"muuttaneet",07.01.2007,"handrawn out/in","handrawn out/in"
299,"Liperi","liperi","MKO1112",1831,1832,2,"muuttaneet",20.01.2016,"handrawn out/in","handrawn out/in"
299,"Liperi","liperi","AP",1856,1880,86,"muuttaneet",14.02.2024,"handrawn misc","handrawn misc"
299,"Liperi","liperi","MKO1113-1114",1856,1880,42,"muuttaneet",20.01.2016,"handrawn misc","handrawn misc"
299,"Liperi","liperi","MKO1115-1116",1856,1880,58,"muuttaneet",20.01.2016,"handrawn misc","handrawn misc"
299,"Liperi","liperi","AP",1881,1908,190,"muuttaneet",14.02.2024,"print 17","print 17"
299,"Liperi","liperi","AP",1881,1915,171,"muuttaneet",14.02.2024,"print 1","print 1"
299,"Liperi","liperi","MKO1117-1118",1881,1891,43,"muuttaneet",20.01.2016,"print 1","print 1"
299,"Liperi","liperi","MKO1123-1124",1881,1891,57,"muuttaneet",20.01.2016,"print 17","print 17"
299,"Liperi","liperi","MKO1118-1120",1892,1906,77,"muuttaneet",20.01.2016,"print 1","print 1"
299,"Liperi","liperi","MKO1124-1128",1892,1908,123,"muuttaneet",20.01.2016,"print 17","print 17"
299,"Liperi","liperi","AP",1909,1925,142,"muuttaneet",14.02.2024,"print 7","print 7"
300,"Lohja - Lojo","lohja","TK792",1806,1817,66,"muuttaneet",27.11.2007,"handrawn misc","handrawn misc"
300,"Lohja - Lojo","lohja","TK792",1817,1842,100,"muuttaneet",27.05.2008,"handrawn in/out","handrawn in/out"
300,"Lohja - Lojo","lohja","TK792",1843,1882,151,"muuttaneet",10.08.2008,"handrawn in/out","handrawn in/out"
300,"Lohja - Lojo","lohja","MKO6",1882,1885,12,"muuttaneet",31.10.2009,"handrawn in/out","handrawn in/out"
300,"Lohja - Lojo","lohja","MKO6-9",1886,1898,79,"muuttaneet",31.10.2009,"handrawn in/out","handrawn in/out"
300,"Lohja - Lojo","lohja","MKO10-11",1899,1901,31,"muuttaneet",11.04.2015,"handrawn in/out","handrawn in/out"
300,"Lohja - Lojo","lohja","MKO12",1902,1909,30,"muuttaneet",11.04.2015,"print 2","print 2"
300,"Lohja - Lojo","lohja","MKO57",1902,1909,30,"muuttaneet",11.04.2015,"print 7","print 7"
301,"Lohtaja - Lochteå","lohtaja","MKO358",1724,1796,10,"muuttaneet",28.07.2011,"digital","digital"
301,"Lohtaja - Lochteå","lohtaja","AP",1742,1796,10,"muuttaneet",08.05.2023,"digital","digital"
301,"Lohtaja - Lochteå","lohtaja","AP",1797,1832,93,"muuttaneet",08.05.2023,"handrawn misc","handrawn misc"
301,"Lohtaja - Lochteå","lohtaja","MKO359-361",1797,1832,90,"muuttaneet",28.07.2011,"digital","digital"
301,"Lohtaja - Lochteå","lohtaja","AP",1833,1871,94,"muuttaneet",08.05.2023,"handrawn in/out","handrawn in/out"
301,"Lohtaja - Lochteå","lohtaja","MKO362-365",1833,1871,91,"muuttaneet",28.07.2011,"handrawn in/out","handrawn in/out"
301,"Lohtaja - Lochteå","lohtaja","AP",1872,1923,141,"muuttaneet",08.05.2023,"print 3","print 3"
301,"Lohtaja - Lochteå","lohtaja","MKO366-367",1872,1886,42,"muuttaneet",28.07.2011,"print 3","print 3"
301,"Lohtaja - Lochteå","lohtaja","MKO367",1887,1893,18,"muuttaneet",28.07.2011,"print 3","print 3"
301,"Lohtaja - Lochteå","lohtaja","MKO368",1894,1904,30,"muuttaneet",28.07.2011,"print 3","print 3"
302,"Loimaa","loimaa","AP",1806,1841,89,"muuttaneet",09.09.2015,"handrawn in/out","handrawn in/out"
302,"Loimaa","loimaa","JK461",1806,1841,89,"muuttaneet",20.08.2010,"handrawn in/out","handrawn in/out"
302,"Loimaa","loimaa","AP",1842,1868,111,"muuttaneet",29.01.2023,"handrawn in/out","handrawn in/out"
302,"Loimaa","loimaa","JK461",1842,1868,111,"muuttaneet",20.08.2010,"handrawn in/out","handrawn in/out"
302,"Loimaa","loimaa","JK461",1853,1882,73,"muuttaneet",20.08.2010,"handrawn","handrawn"
302,"Loimaa","loimaa","AP",1868,1900,154,"muuttaneet",29.01.2023,"handrawn in/out","handrawn in/out"
302,"Loimaa","loimaa","MKO5-9",1868,1899,142,"muuttaneet",16.05.2022,"handrawn in/out","handrawn in/out"
302,"Loimaa","loimaa","MKO10",1900,1900,8,"muuttaneet",02.08.2011,"handrawn in/out","handrawn in/out"
302,"Loimaa","loimaa","MKO11",1901,1905,30,"muuttaneet",02.08.2011,"print 45","print 45"
304,"Lokalahti","lokalahti","JK70",1806,1816,92,"muuttaneet",03.05.2006,"handrawn in/out","handrawn in/out"
304,"Lokalahti","lokalahti","JK70",1817,1854,103,"muuttaneet",03.05.2006,"handrawn in/out","handrawn in/out"
304,"Lokalahti","lokalahti","JK70",1855,1885,56,"muuttaneet",14.11.2009,"handrawn in/out","handrawn in/out"
304,"Lokalahti","lokalahti","JK70",1886,1900,44,"muuttaneet",14.11.2009,"handrawn misc","handrawn misc"
304,"Lokalahti","lokalahti","MKO11",1901,1908,30,"muuttaneet",24.04.2012,"print 45","print 45"
306,"Loviisa - Lovisa","loviisa","MKO17-42",1840,1885,724,"muuttaneet",17.06.2015,"free text","free text"
306,"Loviisa - Lovisa","loviisa","MKO1-5",1843,1850,65,"muuttaneet",17.06.2015,"handrawn:1-8, free text:9-49, handrawn:50-65","handrawn:1-8, free text:9-49, handrawn:50-65"
306,"Loviisa - Lovisa","loviisa","MKO49",1844,1884,9,"muuttaneet",17.06.2015,"handrawn abroad","handrawn abroad"
306,"Loviisa - Lovisa","loviisa","MKO6-8",1870,1890,50,"muuttaneet",17.06.2015,"free text:1-14, print 3:15-50","free text:1-14, print 3:15-50"
306,"Loviisa - Lovisa","loviisa","MKO49",1885,1901,2,"muuttaneet",17.06.2015,"handrawn","handrawn"
306,"Loviisa - Lovisa","loviisa","MKO43-44",1886,1892,38,"muuttaneet",17.06.2015,"free text","free text"
306,"Loviisa - Lovisa","loviisa","MKO8-10",1891,1908,84,"muuttaneet",17.06.2015,"print 3","print 3"
307,"Luhanka","luhanka","AP",1800,1803,4,"muuttaneet",12.03.2016,"free text in/out","free text in/out"
307,"Luhanka","luhanka","AP",1806,1849,38,"muuttaneet",12.03.2016,"free text misc","free text misc"
307,"Luhanka","luhanka","AP",1850,1877,56,"muuttaneet",12.03.2016,"free text","free text"
307,"Luhanka","luhanka","MKO1-2",1850,1877,30,"muuttaneet",29.06.2009,"free text","free text"
307,"Luhanka","luhanka","MKO3",1850,1877,27,"muuttaneet",29.06.2009,"free text","free text"
307,"Luhanka","luhanka","TK884",1850,1877,59,"muuttaneet",09.08.2009,"free text","free text"
307,"Luhanka","luhanka","AP",1877,1887,120,"muuttaneet",12.03.2016,"halfbook in/out","halfbook in/out"
307,"Luhanka","luhanka","MKO4-5",1877,1884,81,"muuttaneet",29.06.2009,"halfbook in/out","halfbook in/out"
307,"Luhanka","luhanka","MKO5-7",1884,1887,38,"muuttaneet",29.06.2009,"halfbook in/out","halfbook in/out"
307,"Luhanka","luhanka","AP",1888,1891,10,"muuttaneet",12.03.2016,"print 3","print 3"
307,"Luhanka","luhanka","MKO8-9",1888,1903,34,"muuttaneet",29.06.2009,"print 3","print 3"
307,"Luhanka","luhanka","AP",1892,1903,25,"muuttaneet",12.03.2016,"print 3","print 3"
307,"Luhanka","luhanka","AP",1904,1914,46,"muuttaneet",12.03.2016,"print 8","print 8"
308,"Lumijoki","lumijoki","AP",1902,1920,64,"muuttaneet",23.11.2016,"print 16","print 16"
311,"Luopioinen - Luopiois","luopioinen","MKO1-2",1843,1853,39,"muuttaneet",06.03.2011,"handrawn:1-8, free text:9-39","handrawn:1-8, free text:9-39"
311,"Luopioinen - Luopiois","luopioinen","MKO2",1856,1859,17,"muuttaneet",06.03.2011,"free text","free text"
311,"Luopioinen - Luopiois","luopioinen","MKO3-4",1864,1872,54,"muuttaneet",06.03.2011,"halfbook","halfbook"
311,"Luopioinen - Luopiois","luopioinen","MKO5",1870,1886,17,"muuttaneet",06.03.2011,"handrawn in","handrawn in"
311,"Luopioinen - Luopiois","luopioinen","MKO6",1870,1886,20,"muuttaneet",06.03.2011,"handrawn out","handrawn out"
311,"Luopioinen - Luopiois","luopioinen","MKO5",1886,1889,5,"muuttaneet",06.03.2011,"handrawn ","handrawn "
311,"Luopioinen - Luopiois","luopioinen","MKO6",1887,1889,5,"muuttaneet",06.03.2011,"handrawn","handrawn"
311,"Luopioinen - Luopiois","luopioinen","MKO7-8",1890,1911,49,"muuttaneet",06.03.2011,"print 10","print 10"
311,"Luopioinen - Luopiois","luopioinen","MKO9-11",1890,1911,63,"muuttaneet",06.03.2011,"print 7","print 7"
312,"Luoto - Larsmo","luoto","AP",1815,1830,19,"muuttaneet",24.05.2022,"handrawn in/out","handrawn in/out"
312,"Luoto - Larsmo","luoto","MKO1",1815,1830,16,"muuttaneet",12.03.2011,"handrawn in/out","handrawn in/out"
312,"Luoto - Larsmo","luoto","AP",1831,1850,20,"muuttaneet",24.05.2022,"handrawn misc","handrawn misc"
312,"Luoto - Larsmo","luoto","MKO2",1831,1850,17,"muuttaneet",12.03.2011,"handrawn misc","handrawn misc"
312,"Luoto - Larsmo","luoto","AP",1851,1921,52,"muuttaneet",24.05.2022,"handrawn misc","handrawn misc"
312,"Luoto - Larsmo","luoto","MKO3",1851,1886,21,"muuttaneet",12.03.2011,"handrawn misc","handrawn misc"
312,"Luoto - Larsmo","luoto","MKO3",1886,1898,9,"muuttaneet",12.03.2011,"handrawn out/in","handrawn out/in"
312,"Luoto - Larsmo","luoto","MKO4",1898,1932,30,"muuttaneet",27.02.2017,"handrawn out/in","handrawn out/in"
313,"Luumäki","luumaki","MKO425-426",1848,1885,46,"muuttaneet",17.07.2010,"handrawn out/in","handrawn out/in"
313,"Luumäki","luumaki","MKO426-427",1886,1900,25,"muuttaneet",17.07.2010,"handrawn misc","handrawn misc"
313,"Luumäki","luumaki","MKO428",1901,1906,30,"muuttaneet",17.07.2010,"print 8","print 8"
314,"Luvia","luvia","AP",1777,1816,34,"muuttaneet",10.09.2013,"handrawn misc","handrawn misc"
314,"Luvia","luvia","JK410",1777,1816,37,"muuttaneet",04.03.2011,"halfbook","halfbook"
314,"Luvia","luvia","AP",1817,1887,106,"muuttaneet",10.09.2013,"handrawn misc","handrawn misc"
314,"Luvia","luvia","JK410",1817,1885,106,"muuttaneet",04.03.2011,"handrawn misc","handrawn misc"
314,"Luvia","luvia","MKO12",1859,1885,30,"muuttaneet",04.03.2011,"handrawn in/out","handrawn in/out"
314,"Luvia","luvia","JK410",1886,1909,29,"muuttaneet",04.03.2011,"handrawn in/out","handrawn in/out"
314,"Luvia","luvia","MKO13",1886,1909,25,"muuttaneet",04.03.2011,"handrawn in/out","handrawn in/out"
314,"Luvia","luvia","AP",1887,1909,25,"muuttaneet",10.09.2013,"handrawn in/out","handrawn in/out"
314,"Luvia","luvia","AP",1910,1912,13,"muuttaneet",10.09.2013,"print 48","print 48"
315,"Längelmäki","langelmaki","MKO284-286",1891,1906,90,"muuttaneet",02.03.2013,"print 45","print 45"
316,"Maalahti - Malax","maalahti","UK263",1811,1859,92,"muuttaneet",21.09.2021,"handrawn misc","handrawn misc"
316,"Maalahti - Malax","maalahti","UK261",1837,1842,19,"muuttaneet",21.09.2021,"print 25","print 25"
316,"Maalahti - Malax","maalahti","UK263",1860,1902,138,"muuttaneet",21.09.2021,"print 49","print 49"
317,"Maaninka","maaninka","AP",1769,1788,18,"muuttaneet",07.07.2022,"handrawn misc","handrawn misc"
317,"Maaninka","maaninka","AP",1781,1806,31,"muuttaneet",07.07.2022,"halfbook in/out","halfbook in/out"
317,"Maaninka","maaninka","AP",1819,1832,97,"muuttaneet",07.07.2022,"halfbook","halfbook"
317,"Maaninka","maaninka","AP",1852,1866,56,"muuttaneet",07.07.2022,"handrawn out/in","handrawn out/in"
317,"Maaninka","maaninka","AP_ULOS",1852,1864,96,"muuttaneet",07.07.2022,"free text","free text"
317,"Maaninka","maaninka","MKO5",1852,1860,30,"muuttaneet",17.10.2017,"handrawn misc","handrawn misc"
317,"Maaninka","maaninka","MKO1-4",1853,1864,93,"muuttaneet",17.10.2017,"halfbook out","halfbook out"
317,"Maaninka","maaninka","MKO6",1860,1866,23,"muuttaneet",17.10.2017,"handrawn out/in","handrawn out/in"
317,"Maaninka","maaninka","AP_ULOS",1865,1884,129,"muuttaneet",07.07.2022,"halfbook out","halfbook out"
317,"Maaninka","maaninka","MKO7-11",1865,1884,130,"muuttaneet",17.10.2017,"halfbook out","halfbook out"
317,"Maaninka","maaninka","AP",1876,1880,24,"muuttaneet",07.07.2022,"handrawn out/in","handrawn out/in"
317,"Maaninka","maaninka","MKO12",1876,1880,21,"muuttaneet",17.10.2017,"handrawn out/in","handrawn out/in"
317,"Maaninka","maaninka","AP_SIS",1881,1897,80,"muuttaneet",07.07.2022,"print 1:3-79","print 1:3-79"
317,"Maaninka","maaninka","AP_ULOS",1881,1897,92,"muuttaneet",07.07.2022,"print 17:3-91","print 17:3-91"
317,"Maaninka","maaninka","MKO13-14",1881,1892,57,"muuttaneet",17.10.2017,"print 1","print 1"
317,"Maaninka","maaninka","MKO16-17",1881,1892,56,"muuttaneet",17.10.2017,"print 17","print 17"
317,"Maaninka","maaninka","MKO17-18",1892,1897,27,"muuttaneet",17.10.2017,"print 17","print 17"
317,"Maaninka","maaninka","MKO14-15",1893,1897,20,"muuttaneet",17.10.2017,"print 1","print 1"
317,"Maaninka","maaninka","AP",1897,1904,102,"muuttaneet",07.07.2022,"print 8","print 8"
317,"Maaninka","maaninka","MKO19-22",1897,1904,98,"muuttaneet",17.10.2017,"print 8","print 8"
317,"Maaninka","maaninka","AP",1905,1916,153,"muuttaneet",07.07.2022,"print 16:4-153","print 16:4-153"
317,"Maaninka","maaninka","MKO23-24",1905,1909,60,"muuttaneet",17.10.2017,"print 16","print 16"
317,"Maaninka","maaninka","MKO25-27",1909,1916,88,"muuttaneet",03.04.2018,"print 16","print 16"
318,"Maaria - S:t Marie","maaria","AP",1805,1811,94,"muuttaneet",19.02.2012,"handrawn out/in","handrawn out/in"
318,"Maaria - S:t Marie","maaria","AP",1811,1817,138,"muuttaneet",19.11.2012,"handrawn in/out","handrawn in/out"
318,"Maaria - S:t Marie","maaria","AP",1817,1843,188,"muuttaneet",19.11.2012,"handrawn in/out","handrawn in/out"
318,"Maaria - S:t Marie","maaria","AP",1844,1878,177,"muuttaneet",19.11.2012,"handrawn in/out","handrawn in/out"
318,"Maaria - S:t Marie","maaria","AP",1879,1891,96,"muuttaneet",12.12.2023,"print 3:4-93","print 3:4-93"
318,"Maaria - S:t Marie","maaria","AP",1892,1904,154,"muuttaneet",12.12.2023,"print 45:4-152","print 45:4-152"
320,"Maksamaa - Maxmo","maksamaa","UK313_SIS",1807,1876,78,"muuttaneet",21.09.2021,"handrawn in","handrawn in"
320,"Maksamaa - Maxmo","maksamaa","UK313_ULOS",1807,1876,77,"muuttaneet",21.09.2021,"handrawn out","handrawn out"
320,"Maksamaa - Maxmo","maksamaa","MKO5",1877,1891,16,"muuttaneet",27.01.2017,"handrawn in/out","handrawn in/out"
320,"Maksamaa - Maxmo","maksamaa","MKO6",1891,1919,30,"muuttaneet",27.01.2017,"print 45","print 45"
321,"Marttila - S:t Mårtens","marttila","AP",1805,1824,46,"muuttaneet",14.10.2019,"handrawn","handrawn"
321,"Marttila - S:t Mårtens","marttila","JK197",1805,1824,46,"muuttaneet",17.09.2009,"handrawn","handrawn"
321,"Marttila - S:t Mårtens","marttila","JK197",1825,1852,46,"muuttaneet",17.09.2009,"halfbook:1-17, handrawn in/out:18-46","halfbook:1-17, handrawn in/out:18-46"
321,"Marttila - S:t Mårtens","marttila","AP",1832,1843,84,"muuttaneet",14.10.2019,"handrawn","handrawn"
321,"Marttila - S:t Mårtens","marttila","JK197",1832,1842,82,"muuttaneet",17.09.2009,"handrawn","handrawn"
321,"Marttila - S:t Mårtens","marttila","AP",1843,1852,46,"muuttaneet",20.09.2013,"halfbook out:1-17, handrawn in/out:18-46","halfbook out:1-17, handrawn in/out:18-46"
321,"Marttila - S:t Mårtens","marttila","AP",1853,1882,92,"muuttaneet",20.09.2013,"handrawn in/out","handrawn in/out"
321,"Marttila - S:t Mårtens","marttila","JK197",1853,1883,92,"muuttaneet",17.09.2009,"handrawn in/out","handrawn in/out"
321,"Marttila - S:t Mårtens","marttila","MKO3-5",1883,1897,60,"muuttaneet",17.09.2009,"print 3","print 3"
321,"Marttila - S:t Mårtens","marttila","MKO6-7",1897,1910,60,"muuttaneet",04.10.2013,"print 3","print 3"
322,"Masku","masku","AP",1804,1825,93,"muuttaneet",26.05.2016,"handrawn misc","handrawn misc"
322,"Masku","masku","AP",1826,1868,137,"muuttaneet",26.05.2016,"handrawn in/out","handrawn in/out"
322,"Masku","masku","MKO1-2",1869,1889,35,"muuttaneet",18.04.2014,"handrawn in/out","handrawn in/out"
322,"Masku","masku","MKO2-3",1890,1912,46,"muuttaneet",18.04.2014,"handrawn in/out","handrawn in/out"
324,"Merijärvi","merijarvi","IK337",1839,1880,27,"muuttaneet",05.02.2010,"handrawn misc","handrawn misc"
324,"Merijärvi","merijarvi","MKO3",1880,1891,17,"muuttaneet",21.01.2016,"print 1","print 1"
324,"Merijärvi","merijarvi","MKO8",1880,1891,20,"muuttaneet",21.01.2016,"print 17","print 17"
324,"Merijärvi","merijarvi","MKO3",1892,1902,13,"muuttaneet",21.01.2016,"print 1","print 1"
324,"Merijärvi","merijarvi","MKO8",1892,1899,10,"muuttaneet",21.01.2016,"print 17","print 17"
325,"Merikarvia - Sastmola","merikarvia","AP",1814,1851,90,"muuttaneet",22.10.2019,"handrawn misc","handrawn misc"
325,"Merikarvia - Sastmola","merikarvia","MKO548-550",1852,1886,88,"muuttaneet",02.03.2011,"handrawn in/out","handrawn in/out"
325,"Merikarvia - Sastmola","merikarvia","MKO550-551",1886,1893,23,"muuttaneet",02.03.2011,"handrawn in/out","handrawn in/out"
325,"Merikarvia - Sastmola","merikarvia","MKO552-553",1894,1906,60,"muuttaneet",06.12.2010,"print 45","print 45"
326,"Merimasku","merimasku","AP",1808,1856,82,"muuttaneet",23.05.2012,"handrawn in/out","handrawn in/out"
326,"Merimasku","merimasku","MKO154-155",1856,1887,47,"muuttaneet",28.03.2012,"handrawn in/out","handrawn in/out"
326,"Merimasku","merimasku","MKO155-156",1888,1905,30,"muuttaneet",28.03.2012,"handrawn in/out","handrawn in/out"
327,"Messukylä - Messuby","messukyla","AP",1859,1883,270,"muuttaneet",19.03.2021,"handrawn misc","handrawn misc"
327,"Messukylä - Messuby","messukyla","TK651",1859,1883,148,"muuttaneet",04.08.2011,"handrawn in/out","handrawn in/out"
327,"Messukylä - Messuby","messukyla","AP",1884,1902,118,"muuttaneet",19.03.2021,"empty:1-6, print 3:7-111, empty:112-118","empty:1-6, print 3:7-111, empty:112-118"
327,"Messukylä - Messuby","messukyla","MKO10",1884,1886,15,"muuttaneet",04.08.2011,"print 3","print 3"
327,"Messukylä - Messuby","messukyla","MKO10-13",1887,1902,89,"muuttaneet",04.08.2011,"print 3","print 3"
327,"Messukylä - Messuby","messukyla","AP_SIS",1903,1917,63,"muuttaneet",19.03.2021,"print 2:4-63","print 2:4-63"
328,"Metsämaa","metsamaa","MKO1-3",1805,1837,63,"muuttaneet",16.05.2022,"handrawn in/out","handrawn in/out"
328,"Metsämaa","metsamaa","JK437",1838,1885,51,"muuttaneet",20.08.2010,"handrawn in/out","handrawn in/out"
328,"Metsämaa","metsamaa","JK437",1886,1891,7,"muuttaneet",20.08.2010,"handrawn in/out","handrawn in/out"
330,"Miehikkälä","miehikkala","MKO249-251",1887,1910,90,"muuttaneet",29.09.2009,"handrawn in/out","handrawn in/out"
331,"Mietoinen","mietoinen","MKO1-2",1857,1886,57,"muuttaneet",19.10.2013,"handrawn in/out","handrawn in/out"
331,"Mietoinen","mietoinen","MKO3",1886,1888,12,"muuttaneet",19.10.2013,"print 3","print 3"
331,"Mietoinen","mietoinen","MKO3-5",1889,1911,78,"muuttaneet",19.10.2013,"print 3","print 3"
332,"Mikkeli - S:t Michel","mikkeli","MSRK_TK1156",1854,1864,223,"muuttaneet",18.06.2007,"free text","free text"
333,"Mikkelin tuomiokirkkosrk - S:t Michels domkyrkof","mikkelin_tuomiokirkkosrk","MKO1-3",1871,1882,67,"muuttaneet",20.07.2016,"handrawn in/out","handrawn in/out"
333,"Mikkelin tuomiokirkkosrk - S:t Michels domkyrkof","mikkelin_tuomiokirkkosrk","MKO4-7",1883,1891,93,"muuttaneet",20.07.2016,"print 3","print 3"
333,"Mikkelin tuomiokirkkosrk - S:t Michels domkyrkof","mikkelin_tuomiokirkkosrk","MKO8-9",1892,1909,60,"muuttaneet",20.07.2016,"print 10","print 10"
335,"Mouhijärvi","mouhijarvi","AP",1797,1836,95,"muuttaneet",06.06.2018,"halfbook in/out","halfbook in/out"
335,"Mouhijärvi","mouhijarvi","AP",1837,1890,146,"muuttaneet",06.06.2018,"handrawn in/out","handrawn in/out"
335,"Mouhijärvi","mouhijarvi","AP",1891,1912,203,"muuttaneet",19.06.2014,"print 45:5-167, empty:168-203","print 45:5-167, empty:168-203"
335,"Mouhijärvi","mouhijarvi","MKO6-7",1891,1900,60,"muuttaneet",04.03.2011,"print 45","print 45"
336,"Muhos","muhos","IK123",1805,1845,94,"muuttaneet",29.01.2008,"handrawn misc","handrawn misc"
336,"Muhos","muhos","IK123",1841,1869,54,"muuttaneet",29.01.2008,"handrawn","handrawn"
336,"Muhos","muhos","IK123",1846,1883,82,"muuttaneet",05.02.2008,"handrawn","handrawn"
336,"Muhos","muhos","IK123",1884,1890,12,"muuttaneet",05.02.2008,"handrawn","handrawn"
336,"Muhos","muhos","MKO1-4",1891,1910,120,"muuttaneet",12.06.2010,"print 17","print 17"
336,"Muhos","muhos","MKO6-7",1891,1904,60,"muuttaneet",12.06.2010,"print 1","print 1"
337,"Multia","multia","AP",1814,1827,13,"muuttaneet",01.07.2019,"halfbook","halfbook"
337,"Multia","multia","UK424",1814,1827,17,"muuttaneet",09.11.2012,"halfbook misc","halfbook misc"
337,"Multia","multia","AP",1828,1840,34,"muuttaneet",01.07.2019,"halfbook misc","halfbook misc"
337,"Multia","multia","UK424",1828,1840,38,"muuttaneet",09.11.2012,"halfbook in/out","halfbook in/out"
337,"Multia","multia","AP",1841,1878,50,"muuttaneet",01.07.2019,"handrawn in/out","handrawn in/out"
337,"Multia","multia","UK424",1841,1878,54,"muuttaneet",09.11.2012,"handrawn in/out","handrawn in/out"
337,"Multia","multia","UK424",1842,1852,12,"muuttaneet",09.11.2012,"halfbook out","halfbook out"
337,"Multia","multia","AP",1879,1895,38,"muuttaneet",01.07.2019,"handrawn in/out","handrawn in/out"
337,"Multia","multia","MKO1",1879,1887,15,"muuttaneet",25.06.2012,"handrawn in/out","handrawn in/out"
337,"Multia","multia","MKO1-2",1888,1895,22,"muuttaneet",25.06.2012,"handrawn in/out","handrawn in/out"
337,"Multia","multia","AP",1895,1918,57,"muuttaneet",01.07.2019,"print 45:2-57","print 45:2-57"
337,"Multia","multia","MKO1",1895,1907,30,"muuttaneet",25.06.2012,"print 45","print 45"
338,"Munsala","munsala","AP",1826,1858,87,"muuttaneet",16.09.2022,"handrawn in/out","handrawn in/out"
338,"Munsala","munsala","AP",1859,1897,91,"muuttaneet",16.09.2022,"handrawn in/out","handrawn in/out"
338,"Munsala","munsala","AP",1898,1920,41,"muuttaneet",16.09.2022,"print 4:2-41","print 4:2-41"
338,"Munsala","munsala","MKO8",1898,1913,30,"muuttaneet",26.12.2016,"print 4","print 4"
340,"Muonio","muonio","IK363",1833,1892,74,"muuttaneet",02.11.2007,"handrawn in/out:1-67, halfbook:68-74","handrawn in/out:1-67, halfbook:68-74"
227,"Mustasaari - Korsholm","mustasaari","MKO17-19",1866,1892,66,"muuttaneet",13.10.2017,"handrawn in","handrawn in"
227,"Mustasaari - Korsholm","mustasaari","MKO39-41",1866,1892,70,"muuttaneet",13.10.2017,"handrawn out","handrawn out"
227,"Mustasaari - Korsholm","mustasaari","MKO19",1892,1900,24,"muuttaneet",13.10.2017,"handrawn in","handrawn in"
227,"Mustasaari - Korsholm","mustasaari","MKO41-42",1892,1910,50,"muuttaneet",13.10.2017,"handrawn out","handrawn out"
341,"Mustio","mustio","AP",1815,1828,10,"muuttaneet",14.05.2020,"handrawn in/out","handrawn in/out"
341,"Mustio","mustio","AP",1828,1923,81,"muuttaneet",14.05.2020,"handrawn in/out","handrawn in/out"
343,"Muurla","muurla","MKO1-2",1860,1884,47,"muuttaneet",06.04.2009,"handrawn in/out","handrawn in/out"
343,"Muurla","muurla","MKO2",1885,1891,12,"muuttaneet",06.04.2009,"handrawn in/out","handrawn in/out"
343,"Muurla","muurla","MKO3-4",1892,1910,38,"muuttaneet",10.07.2009,"handrawn in/out","handrawn in/out"
343,"Muurla","muurla","AP",1911,1948,96,"muuttaneet",06.01.2018,"print 45:3-26, empty:27-96","print 45:3-26, empty:27-96"
344,"Muuruvesi","muuruvesi","AP",1907,1927,173,"muuttaneet",08.08.2022,"print 16:4-173","print 16:4-173"
344,"Muuruvesi","muuruvesi","MKO1-4",1907,1916,120,"muuttaneet",31.03.2018,"print 16","print 16"
345,"Mynämäki","mynamaki","AP",1814,1824,156,"muuttaneet",30.03.2012,"handrawn in/out","handrawn in/out"
345,"Mynämäki","mynamaki","AP",1825,1860,189,"muuttaneet",30.03.2012,"handrawn in/out","handrawn in/out"
345,"Mynämäki","mynamaki","AP",1861,1902,337,"muuttaneet",01.03.2022,"handrawn in/out:7-19, wrong:20-226, handrawn:227-337","handrawn in/out:7-19, wrong:20-226, handrawn:227-337"
345,"Mynämäki","mynamaki","MKO7-9",1861,1889,60,"muuttaneet",18.04.2014,"handrawn in/out","handrawn in/out"
345,"Mynämäki","mynamaki","MKO9-11",1890,1903,52,"muuttaneet",18.04.2014,"handrawn in/out","handrawn in/out"
345,"Mynämäki","mynamaki","MKO12",1903,1908,30,"muuttaneet",18.04.2014,"print 4","print 4"
346,"Myrskylä - Mörskom","myrskyla","TK820",1774,1780,6,"muuttaneet",04.12.2005,"handrawn","handrawn"
346,"Myrskylä - Mörskom","myrskyla","AP_S",1844,1889,137,"muuttaneet",19.12.2013,"free text in:1-9, handrawn in:10-137","free text in:1-9, handrawn in:10-137"
346,"Myrskylä - Mörskom","myrskyla","TK821",1844,1889,133,"muuttaneet",05.04.2007,"handrawn in","handrawn in"
346,"Myrskylä - Mörskom","myrskyla","AP_U",1845,1889,189,"muuttaneet",19.12.2013,"handrawn out","handrawn out"
346,"Myrskylä - Mörskom","myrskyla","AP_S",1890,1913,56,"muuttaneet",19.12.2013,"print 10","print 10"
346,"Myrskylä - Mörskom","myrskyla","AP_U",1890,1913,65,"muuttaneet",19.12.2013,"print 7","print 7"
347,"Mäntsälä","mantsala","TK356",1738,1751,6,"muuttaneet",28.03.2007,"free text","free text"
347,"Mäntsälä","mantsala","MKO655",1877,1885,23,"muuttaneet",22.05.2010,"print 50","print 50"
347,"Mäntsälä","mantsala","MKO638",1881,1885,16,"muuttaneet",22.05.2010,"print 50","print 50"
347,"Mäntsälä","mantsala","MKO638-639",1886,1899,44,"muuttaneet",22.05.2010,"print 50","print 50"
347,"Mäntsälä","mantsala","MKO655-656",1886,1895,37,"muuttaneet",22.05.2010,"print 50","print 50"
349,"Mäntyharju","mantyharju","TK1075",1816,1852,87,"muuttaneet",01.05.2009,"halfbook","halfbook"
349,"Mäntyharju","mantyharju","TK1075",1853,1884,128,"muuttaneet",01.05.2009,"halfbook:1-7, handrawn out/in:8-128","halfbook:1-7, handrawn out/in:8-128"
349,"Mäntyharju","mantyharju","TK1075",1885,1887,16,"muuttaneet",01.05.2009,"handrawn out/in","handrawn out/in"
349,"Mäntyharju","mantyharju","MKO6-11",1888,1909,170,"muuttaneet",10.05.2009,"print 3","print 3"
350,"Naantali - Nådendal","naantali","AP",1785,1838,88,"muuttaneet",11.05.2012,"handrawn in/out","handrawn in/out"
350,"Naantali - Nådendal","naantali","AP",1839,1887,39,"muuttaneet",11.05.2012,"handrawn","handrawn"
350,"Naantali - Nådendal","naantali","MKO1-6",1839,1867,164,"muuttaneet",24.05.2014,"handrawn in/out","handrawn in/out"
350,"Naantali - Nådendal","naantali","MKO7-9",1867,1889,73,"muuttaneet",24.05.2014,"handrawn in/out","handrawn in/out"
350,"Naantali - Nådendal","naantali","MKO9-10",1890,1899,28,"muuttaneet",24.05.2014,"handrawn in/out","handrawn in/out"
351,"Nakkila","nakkila","AP",1805,1816,80,"muuttaneet",25.12.2016,"handrawn out/in:1-22, free text:23-80","handrawn out/in:1-22, free text:23-80"
351,"Nakkila","nakkila","MKO1",1805,1815,20,"muuttaneet",29.09.2009,"handrawn out/in","handrawn out/in"
351,"Nakkila","nakkila","AP",1822,1838,44,"muuttaneet",25.12.2016,"handrawn out/in","handrawn out/in"
351,"Nakkila","nakkila","MKO2-3",1822,1838,42,"muuttaneet",29.09.2009,"handrawn out/in","handrawn out/in"
351,"Nakkila","nakkila","AP",1839,1870,90,"muuttaneet",25.12.2016,"handrawn out/in","handrawn out/in"
351,"Nakkila","nakkila","MKO4-6",1839,1870,86,"muuttaneet",29.09.2009,"handrawn misc","handrawn misc"
351,"Nakkila","nakkila","AP",1871,1886,34,"muuttaneet",14.11.2011,"handrawn misc","handrawn misc"
351,"Nakkila","nakkila","MKO7",1871,1884,29,"muuttaneet",29.09.2009,"handrawn misc","handrawn misc"
351,"Nakkila","nakkila","MKO7-8",1885,1900,31,"muuttaneet",29.09.2009,"handrawn in/out","handrawn in/out"
351,"Nakkila","nakkila","AP",1886,1912,62,"muuttaneet",14.11.2011,"handrawn in/out","handrawn in/out"
351,"Nakkila","nakkila","AP",1915,1917,12,"muuttaneet",16.12.2020,"print 45","print 45"
352,"Nastola","nastola","MKO1-5",1868,1899,108,"muuttaneet",08.04.2021,"handrawn in:1-17, print 3:18-108","handrawn in:1-17, print 3:18-108"
352,"Nastola","nastola","AP",1900,1921,98,"muuttaneet",18.03.2024,"print 7","print 7"
352,"Nastola","nastola","AP_SIS",1922,1922,4,"muuttaneet",18.03.2024,"print 2","print 2"
352,"Nastola","nastola","AP_ULOS",1922,1922,4,"muuttaneet",18.03.2024,"print 7","print 7"
353,"Nauvo - Nagu","nauvo","MKO1",1806,1814,3,"muuttaneet",27.09.2013,"handrawn in/out","handrawn in/out"
353,"Nauvo - Nagu","nauvo","JK530",1810,1833,187,"muuttaneet",27.12.2007,"handrawn in/out","handrawn in/out"
353,"Nauvo - Nagu","nauvo","MKO2-7",1810,1833,179,"muuttaneet",27.09.2013,"handrawn in/out","handrawn in/out"
353,"Nauvo - Nagu","nauvo","JK530",1834,1850,181,"muuttaneet",27.12.2007,"handrawn in/out","handrawn in/out"
353,"Nauvo - Nagu","nauvo","MKO8-13",1834,1850,176,"muuttaneet",27.09.2013,"handrawn in/out","handrawn in/out"
353,"Nauvo - Nagu","nauvo","JK530",1850,1883,145,"muuttaneet",27.12.2007,"handrawn in/out","handrawn in/out"
353,"Nauvo - Nagu","nauvo","MKO14-19",1850,1888,150,"muuttaneet",27.09.2013,"handrawn in/out","handrawn in/out"
353,"Nauvo - Nagu","nauvo","JK530",1884,1893,24,"muuttaneet",27.12.2007,"handrawn in/out","handrawn in/out"
353,"Nauvo - Nagu","nauvo","MKO19",1889,1893,14,"muuttaneet",27.09.2013,"handrawn in/out","handrawn in/out"
353,"Nauvo - Nagu","nauvo","MKO20",1894,1904,29,"muuttaneet",27.09.2013,"print 45","print 45"
354,"Nilsiä","nilsia","AP",1772,1821,78,"muuttaneet",25.09.2023,"handrawn misc","handrawn misc"
354,"Nilsiä","nilsia","AP_SIS",1821,1842,59,"muuttaneet",25.09.2023,"handrawn in","handrawn in"
354,"Nilsiä","nilsia","AP_ULOS",1821,1842,80,"muuttaneet",25.09.2023,"handrawn out","handrawn out"
354,"Nilsiä","nilsia","AP",1843,1855,234,"muuttaneet",25.09.2023,"handrawn misc","handrawn misc"
354,"Nilsiä","nilsia","MKO1-15",1843,1888,414,"muuttaneet",30.03.2018,"handrawn out","handrawn out"
354,"Nilsiä","nilsia","MKO1-4",1843,1855,97,"muuttaneet",30.03.2018,"handrawn in","handrawn in"
354,"Nilsiä","nilsia","AP",1855,1888,429,"muuttaneet",25.09.2023,"handrawn misc","handrawn misc"
354,"Nilsiä","nilsia","MKO5-9",1855,1888,142,"muuttaneet",30.03.2018,"handrawn in","handrawn in"
354,"Nilsiä","nilsia","AP_SIS",1889,1919,199,"muuttaneet",25.09.2023,"print 1:5-199","print 1:5-199"
354,"Nilsiä","nilsia","AP_ULOS",1889,1919,324,"muuttaneet",25.09.2023,"print 17:4-324","print 17:4-324"
354,"Nilsiä","nilsia","MKO10",1889,1893,30,"muuttaneet",30.03.2018,"print 1","print 1"
354,"Nilsiä","nilsia","MKO16-17",1889,1893,39,"muuttaneet",30.03.2018,"print 17","print 17"
354,"Nilsiä","nilsia","MKO11-15",1894,1917,150,"muuttaneet",30.03.2018,"print 1","print 1"
354,"Nilsiä","nilsia","MKO17-25",1894,1916,260,"muuttaneet",30.03.2018,"print 17","print 17"
355,"Nivala","nivala","IK397",1807,1840,73,"muuttaneet",17.03.2007,"handrawn in/out","handrawn in/out"
355,"Nivala","nivala","IK397",1841,1880,109,"muuttaneet",17.03.2007,"handrawn in/out","handrawn in/out"
355,"Nivala","nivala","MKO1",1881,1884,18,"muuttaneet",19.07.2009,"print 1","print 1"
355,"Nivala","nivala","MKO8",1881,1884,12,"muuttaneet",19.07.2009,"print 17","print 17"
355,"Nivala","nivala","MKO1-4",1885,1908,96,"muuttaneet",19.07.2009,"print 1","print 1"
355,"Nivala","nivala","MKO8-10",1885,1905,73,"muuttaneet",19.07.2009,"print 17","print 17"
355,"Nivala","nivala","MKO_ULOS",1906,1919,67,"muuttaneet",24.10.2022,"print 17","print 17"
355,"Nivala","nivala","MKO_SIS",1909,1919,44,"muuttaneet",24.10.2022,"print 1","print 1"
357,"Noormarkku - Norrmark","noormarkku","MKO1-2",1805,1820,49,"muuttaneet",25.07.2011,"halfbook","halfbook"
357,"Noormarkku - Norrmark","noormarkku","MKO3-6",1836,1869,94,"muuttaneet",25.07.2011,"handrawn in/out","handrawn in/out"
357,"Noormarkku - Norrmark","noormarkku","MKO7-8",1870,1886,52,"muuttaneet",25.07.2011,"handrawn in/out","handrawn in/out"
357,"Noormarkku - Norrmark","noormarkku","MKO8-11",1886,1905,88,"muuttaneet",25.07.2011,"handrawn in/out","handrawn in/out"
358,"Nousiainen - Nousis","nousiainen","MKO1-7",1769,1837,183,"muuttaneet",23.04.2013,"handrawn misc","handrawn misc"
358,"Nousiainen - Nousis","nousiainen","MKO8-12",1838,1888,145,"muuttaneet",23.04.2013,"handrawn in/out","handrawn in/out"
358,"Nousiainen - Nousis","nousiainen","MKO12-13",1889,1897,24,"muuttaneet",23.04.2013,"handrawn in/out","handrawn in/out"
358,"Nousiainen - Nousis","nousiainen","MKO14-15",1898,1915,60,"muuttaneet",01.10.2013,"print 45","print 45"
360,"Nummi","nummi","TK705",1805,1862,169,"muuttaneet",17.11.2007,"handrawn in/out","handrawn in/out"
360,"Nummi","nummi","MKO1-3",1863,1885,64,"muuttaneet",07.11.2010,"handrawn in/out","handrawn in/out"
360,"Nummi","nummi","MKO3",1886,1892,13,"muuttaneet",07.11.2010,"handrawn in/out","handrawn in/out"
360,"Nummi","nummi","MKO4-5",1893,1899,37,"muuttaneet",07.11.2010,"print 45","print 45"
361,"Nurmes","nurmes","TK1364-1365",1829,1880,140,"muuttaneet",23.08.2008,"handrawn out:1-28, free text:29-87, handrawn:88-140","handrawn out:1-28, free text:29-87, handrawn:88-140"
361,"Nurmes","nurmes","MKO902",1880,1884,26,"muuttaneet",16.07.2009,"print 1","print 1"
361,"Nurmes","nurmes","MKO906",1880,1884,20,"muuttaneet",16.07.2009,"print 17","print 17"
361,"Nurmes","nurmes","MKO902-905",1885,1903,73,"muuttaneet",16.07.2009,"print 1","print 1"
361,"Nurmes","nurmes","MKO906-910",1885,1903,115,"muuttaneet",16.07.2009,"print 17","print 17"
361,"Nurmes","nurmes","AP",1904,1921,182,"muuttaneet",23.09.2021,"print 46","print 46"
362,"Nurmijärvi","nurmijarvi","MKO1",1804,1807,12,"muuttaneet",21.03.2009,"print 51","print 51"
362,"Nurmijärvi","nurmijarvi","MKO2-5",1831,1851,95,"muuttaneet",21.03.2009,"handrawn misc:1-88, free text:89-95","handrawn misc:1-88, free text:89-95"
362,"Nurmijärvi","nurmijarvi","MKO6-7",1852,1880,58,"muuttaneet",21.03.2009,"handrawn in","handrawn in"
362,"Nurmijärvi","nurmijarvi","MKO8-12",1852,1860,139,"muuttaneet",21.03.2009,"free text","free text"
362,"Nurmijärvi","nurmijarvi","MKO13-15",1860,1880,83,"muuttaneet",21.03.2009,"free text","free text"
362,"Nurmijärvi","nurmijarvi","MKO16-18",1881,1889,79,"muuttaneet",21.03.2009,"print 3","print 3"
362,"Nurmijärvi","nurmijarvi","MKO19-21",1890,1909,81,"muuttaneet",27.02.2010,"print 10","print 10"
362,"Nurmijärvi","nurmijarvi","MKO32-34",1890,1909,82,"muuttaneet",27.02.2010,"print 7","print 7"
363,"Nurmo","nurmo","MKO354-356",1806,1851,84,"muuttaneet",21.06.2009,"handrawn","handrawn"
363,"Nurmo","nurmo","MKO357-358",1816,1883,38,"muuttaneet",21.06.2009,"handrawn in","handrawn in"
363,"Nurmo","nurmo","MKO359-360",1816,1884,43,"muuttaneet",21.06.2009,"handrawn out","handrawn out"
363,"Nurmo","nurmo","MKO358",1884,1899,14,"muuttaneet",21.06.2009,"handrawn in","handrawn in"
363,"Nurmo","nurmo","MKO360",1885,1899,16,"muuttaneet",21.06.2009,"handrawn out","handrawn out"
364,"Närpiö - Närpes","narpio","UK233",1784,1798,39,"muuttaneet",03.08.2010,"free text","free text"
364,"Närpiö - Närpes","narpio","UK233",1797,1846,97,"muuttaneet",03.08.2010,"handrawn in/out","handrawn in/out"
364,"Närpiö - Närpes","narpio","UK233",1846,1885,83,"muuttaneet",03.08.2010,"handrawn in/out","handrawn in/out"
364,"Närpiö - Närpes","narpio","UK233",1885,1889,7,"muuttaneet",03.08.2010,"handrawn in/out","handrawn in/out"
364,"Närpiö - Närpes","narpio","MKO574",1890,1903,29,"muuttaneet",06.07.2015,"handrawn in/out","handrawn in/out"
365,"Oravainen - Oravais","oravainen","MKO13",1894,1904,30,"muuttaneet",26.01.2017,"print 45","print 45"
366,"Orimattila","orimattila","TK596",1841,1865,305,"muuttaneet",15.03.2010,"free text","free text"
366,"Orimattila","orimattila","AP",1865,1880,136,"muuttaneet",10.05.2017,"handrawn misc","handrawn misc"
366,"Orimattila","orimattila","MKO1-3",1865,1880,174,"muuttaneet",20.12.2013,"handrawn","handrawn"
366,"Orimattila","orimattila","MKO4-5",1866,1880,45,"muuttaneet",20.12.2013,"handrawn in","handrawn in"
366,"Orimattila","orimattila","AP",1880,1892,93,"muuttaneet",10.05.2017,"print 3:3-93","print 3:3-93"
366,"Orimattila","orimattila","MKO6-8",1880,1889,68,"muuttaneet",20.12.2013,"print 3:2-68","print 3:2-68"
366,"Orimattila","orimattila","MKO8-13",1890,1903,146,"muuttaneet",20.12.2013,"print 3","print 3"
366,"Orimattila","orimattila","AP",1893,1903,125,"muuttaneet",10.05.2017,"print 3","print 3"
366,"Orimattila","orimattila","AP_SIS",1904,1922,98,"muuttaneet",10.05.2017,"print 2:3-96","print 2:3-96"
366,"Orimattila","orimattila","AP_ULOS",1904,1919,102,"muuttaneet",10.05.2017,"print 7:3-99","print 7:3-99"
366,"Orimattila","orimattila","MKO14",1904,1910,30,"muuttaneet",20.12.2013,"print 2:2-30","print 2:2-30"
366,"Orimattila","orimattila","AP_ULOS",1919,1922,21,"muuttaneet",10.05.2017,"print 7:3-21","print 7:3-21"
367,"Oripää","oripaa","AP",1815,1854,90,"muuttaneet",07.02.2016,"halfbook out/in","halfbook out/in"
367,"Oripää","oripaa","MKO1-2",1855,1888,37,"muuttaneet",14.08.2013,"halfbook out/in:1-12, handrawn misc:13-37","halfbook out/in:1-12, handrawn misc:13-37"
367,"Oripää","oripaa","MKO2-4",1888,1896,36,"muuttaneet",14.08.2013,"handrawn in/out","handrawn in/out"
367,"Oripää","oripaa","MKO5",1896,1906,30,"muuttaneet",14.08.2013,"print 45","print 45"
369,"Orivesi","orivesi","TK155",1821,1857,113,"muuttaneet",21.04.2009,"handrawn misc:1-50, halfbook misc:51-113","handrawn misc:1-50, halfbook misc:51-113"
369,"Orivesi","orivesi","TK155_ULOS",1854,1884,53,"muuttaneet",23.04.2009,"halfbook out:1-7, handrawn out:8-53","halfbook out:1-7, handrawn out:8-53"
369,"Orivesi","orivesi","TK155_SIS",1858,1884,40,"muuttaneet",23.04.2009,"handrawn in","handrawn in"
369,"Orivesi","orivesi","TK155_SIS",1885,1901,33,"muuttaneet",23.04.2009,"handrawn in","handrawn in"
369,"Orivesi","orivesi","TK155_ULOS",1885,1901,37,"muuttaneet",23.04.2009,"handrawn out","handrawn out"
370,"Oulainen","oulainen","MKO39",1806,1806,8,"muuttaneet",15.08.2006,"print 34","print 34"
370,"Oulainen","oulainen","MKO63",1825,1830,9,"muuttaneet",15.08.2006,"print 33","print 33"
370,"Oulainen","oulainen","MKO544-546",1832,1879,87,"muuttaneet",15.08.2006,"handrawn in/out","handrawn in/out"
371,"Oulu - Uleåborg","oulu","TKSRK_IK128",1738,1740,9,"muuttaneet",06.04.2010,"free text","free text"
371,"Oulu - Uleåborg","oulu","TKSRK_IK130",1778,1782,6,"muuttaneet",28.01.2009,"handrawn","handrawn"
371,"Oulu - Uleåborg","oulu","TKSRK_IK139",1805,1830,70,"muuttaneet",28.01.2007,"handrawn in/out","handrawn in/out"
371,"Oulu - Uleåborg","oulu","TKSRK_MKO1-5",1859,1875,141,"muuttaneet",15.11.2007,"handrawn misc","handrawn misc"
371,"Oulu - Uleåborg","oulu","TKSRK_MKO6-8",1875,1881,72,"muuttaneet",15.11.2007,"handrawn misc","handrawn misc"
371,"Oulu - Uleåborg","oulu","TKSRK_MKO14-20",1882,1894,351,"muuttaneet",25.11.2007,"print 1","print 1"
371,"Oulu - Uleåborg","oulu","TKSRK_MKO9-13",1882,1888,150,"muuttaneet",24.11.2011,"Print 1","print 1"
371,"Oulu - Uleåborg","oulu","TKSRK_MKO21-35",1889,1900,435,"muuttaneet",15.11.2007,"print 1","print 1"
371,"Oulu - Uleåborg","oulu","TKSRK_MKO188-191",1895,1900,121,"muuttaneet",25.11.2007,"print 17","print 17"
371,"Oulu - Uleåborg","oulu","TKSRK_MKO192-200",1900,1908,244,"muuttaneet",24.11.2011,"print 17","print 17"
371,"Oulu - Uleåborg","oulu","TKSRK_MKO36-42",1901,1908,210,"muuttaneet",24.11.2011,"print 8","print 8"
372,"Oulujoki","oulujoki","MKO41-43",1895,1904,90,"muuttaneet",26.07.2011,"print 17","print 17"
372,"Oulujoki","oulujoki","MKO1-3",1901,1908,90,"muuttaneet",26.07.2011,"print 8","print 8"
375,"Oulunsalo","oulunsalo","MKO126",1856,1879,14,"muuttaneet",25.03.2012,"handrawn in/out","handrawn in/out"
375,"Oulunsalo","oulunsalo","MKO127",1880,1888,7,"muuttaneet",25.03.2012,"handrawn misc","handrawn misc"
375,"Oulunsalo","oulunsalo","MKO128",1886,1888,2,"muuttaneet",25.03.2012,"handrawn in","handrawn in"
375,"Oulunsalo","oulunsalo","MKO127",1889,1900,14,"muuttaneet",25.03.2012,"handrawn out","handrawn out"
375,"Oulunsalo","oulunsalo","MKO128",1889,1900,12,"muuttaneet",25.03.2012,"handrawn in","handrawn in"
375,"Oulunsalo","oulunsalo","MKO129",1900,1909,30,"muuttaneet",25.03.2012,"print 8","print 8"
259,"Outokumpu","outokumpu","MKO1",1879,1891,30,"muuttaneet",18.01.2016,"print 1","print 1"
259,"Outokumpu","outokumpu","MKO33-34",1879,1891,35,"muuttaneet",18.01.2016,"print 17","print 17"
259,"Outokumpu","outokumpu","MKO2",1892,1906,30,"muuttaneet",18.01.2016,"print 1","print 1"
259,"Outokumpu","outokumpu","MKO34-35",1892,1908,55,"muuttaneet",18.01.2016,"print 17","print 17"
376,"Paattinen","paattinen","AP",1805,1825,48,"muuttaneet",09.02.2016,"handrawn out/in","handrawn out/in"
376,"Paattinen","paattinen","AP",1826,1855,90,"muuttaneet",09.02.2016,"handrawn misc","handrawn misc"
377,"Paavola","paavola","MKO1-2",1813,1831,50,"muuttaneet",13.05.2012,"handrawn misc","handrawn misc"
377,"Paavola","paavola","MKO3-4",1832,1851,60,"muuttaneet",13.05.2012,"handrawn in/out","handrawn in/out"
377,"Paavola","paavola","MKO5",1852,1856,22,"muuttaneet",13.05.2012,"handrawn in/out","handrawn in/out"
377,"Paavola","paavola","MKO6-8",1856,1880,69,"muuttaneet",13.05.2012,"handrawn misc","handrawn misc"
377,"Paavola","paavola","MKO16",1881,1887,20,"muuttaneet",13.05.2012,"print 17","print 17"
377,"Paavola","paavola","MKO9",1881,1887,19,"muuttaneet",13.05.2012,"Print 1","print 1"
377,"Paavola","paavola","MKO16-19",1888,1910,100,"muuttaneet",13.05.2012,"print 17","print 17"
377,"Paavola","paavola","MKO9-12",1888,1910,101,"muuttaneet",13.05.2012,"print 1","print 1"
378,"Padasjoki","padasjoki","MKO322-323",1882,1898,58,"muuttaneet",26.10.2008,"print 3","print 3"
378,"Padasjoki","padasjoki","AP",1899,1914,104,"muuttaneet",11.06.2015,"print 31","print 31"
379,"Paimio - Pemar","paimio","JK259",1805,1819,70,"muuttaneet",10.08.2008,"handrawn in/out","handrawn in/out"
379,"Paimio - Pemar","paimio","JK259",1820,1839,93,"muuttaneet",10.08.2008,"handrawn in/out","handrawn in/out"
379,"Paimio - Pemar","paimio","JK259",1839,1851,96,"muuttaneet",15.08.2008,"handrawn in/out","handrawn in/out"
379,"Paimio - Pemar","paimio","JK259",1852,1883,121,"muuttaneet",15.08.2008,"handrawn in/out","handrawn in/out"
379,"Paimio - Pemar","paimio","MKO15",1884,1885,7,"muuttaneet",19.08.2010,"handrawn in/out","handrawn in/out"
379,"Paimio - Pemar","paimio","MKO15-16",1886,1892,31,"muuttaneet",19.08.2010,"handrawn in/out","handrawn in/out"
379,"Paimio - Pemar","paimio","MKO17",1893,1898,30,"muuttaneet",19.08.2010,"print 45","print 45"
379,"Paimio - Pemar","paimio","MKO18-20",1898,1911,90,"muuttaneet",20.09.2013,"print 45","print 45"
380,"Paltamo","paltamo","MKO1-3",1838,1878,78,"muuttaneet",27.01.2009,"handrawn misc:1-23, halfbook misc:24-47, handrawn out/in:48-78","handrawn misc:1-23, halfbook misc:24-47, handrawn out/in:48-78"
380,"Paltamo","paltamo","AP_SIS",1879,1921,94,"muuttaneet",03.11.2022,"print 1","print 1"
380,"Paltamo","paltamo","AP_ULOS",1879,1922,88,"muuttaneet",03.11.2022,"print 17","print 17"
380,"Paltamo","paltamo","MKO10",1879,1884,14,"muuttaneet",27.01.2009,"print 17","print 17"
380,"Paltamo","paltamo","MKO4",1879,1884,11,"muuttaneet",27.01.2009,"Print 1","print 1"
380,"Paltamo","paltamo","MKO10",1885,1889,16,"muuttaneet",27.01.2009,"print 17","print 17"
380,"Paltamo","paltamo","MKO4",1885,1891,17,"muuttaneet",27.01.2009,"print 1","print 1"
380,"Paltamo","paltamo","MKO11",1890,1898,28,"muuttaneet",27.01.2009,"print 17","print 17"
380,"Paltamo","paltamo","AP_S",1892,1913,57,"muuttaneet",21.12.2013,"print 1","print 1"
380,"Paltamo","paltamo","AP_U",1899,1913,53,"muuttaneet",21.12.2013,"print 17","print 17"
381,"Parainen - Pargas","parainen","JK347",1805,1854,229,"muuttaneet",01.12.2010,"handrawn misc","handrawn misc"
381,"Parainen - Pargas","parainen","JK347",1855,1885,108,"muuttaneet",01.12.2010,"handrawn in/out","handrawn in/out"
381,"Parainen - Pargas","parainen","JK347",1886,1893,77,"muuttaneet",01.12.2010,"handrawn in/out","handrawn in/out"
382,"Parikkala","parikkala","AP",1864,1879,92,"muuttaneet",27.08.2019,"Print 21:1-17, handrawn out:18-92","print 21:1-17, handrawn out:18-92"
382,"Parikkala","parikkala","MKO1-3",1864,1879,86,"muuttaneet",06.03.2010,"print 21:1-13, handrawn out:14-86","print 21:1-13, handrawn out:14-86"
382,"Parikkala","parikkala","AP",1880,1913,179,"muuttaneet",27.08.2019,"print 3:4-177","print 3:4-177"
382,"Parikkala","parikkala","MKO4",1880,1885,30,"muuttaneet",06.03.2010,"print 3","print 3"
382,"Parikkala","parikkala","MKO5-8",1886,1909,120,"muuttaneet",06.03.2010,"print 3","print 3"
382,"Parikkala","parikkala","AP",1914,1918,186,"muuttaneet",27.08.2019,"print 15","print 15"
383,"Parkano","parkano","AP",1825,1867,55,"muuttaneet",01.06.2018,"handrawn in/out","handrawn in/out"
383,"Parkano","parkano","JK637B",1825,1867,58,"muuttaneet",04.09.2007,"handrawn in/out","handrawn in/out"
383,"Parkano","parkano","AP",1868,1910,142,"muuttaneet",01.06.2018,"handrawn in/out","handrawn in/out"
383,"Parkano","parkano","MKO3",1868,1883,29,"muuttaneet",05.03.2008,"handrawn in/out","handrawn in/out"
383,"Parkano","parkano","MKO3-7",1884,1910,109,"muuttaneet",05.03.2008,"handrawn in/out","handrawn in/out"
383,"Parkano","parkano","AP",1911,1920,79,"muuttaneet",01.06.2018,"print 45:4-79","print 45:4-79"
384,"Pattijoki","pattijoki","IK59",1842,1854,63,"muuttaneet",01.11.2009,"handrawn misc","handrawn misc"
384,"Pattijoki","pattijoki","IK59",1855,1881,79,"muuttaneet",01.11.2009,"handrawn in/out","handrawn in/out"
384,"Pattijoki","pattijoki","MKO3",1882,1891,24,"muuttaneet",09.01.2016,"print 1","print 1"
384,"Pattijoki","pattijoki","MKO8-9",1882,1891,32,"muuttaneet",09.01.2016,"print 17","print 17"
384,"Pattijoki","pattijoki","MKO3-4",1892,1905,36,"muuttaneet",09.01.2016,"print 1","print 1"
384,"Pattijoki","pattijoki","MKO9",1892,1903,28,"muuttaneet",09.01.2016,"print 17","print 17"
399,"Pedersöre","pedersore","AP",1751,1754,9,"muuttaneet",22.08.2022,"halfbook","halfbook"
399,"Pedersöre","pedersore","AP",1812,1814,59,"muuttaneet",22.08.2022,"halfbook in/out","halfbook in/out"
399,"Pedersöre","pedersore","MKO",1812,1814,58,"muuttaneet",25.01.2015,"halfbook in/out","halfbook in/out"
399,"Pedersöre","pedersore","AP",1815,1819,105,"muuttaneet",22.08.2022,"halfbook in/out","halfbook in/out"
399,"Pedersöre","pedersore","MKO",1815,1819,104,"muuttaneet",25.01.2015,"halfbook in/out","halfbook in/out"
399,"Pedersöre","pedersore","AP",1820,1844,194,"muuttaneet",22.08.2022,"halfbook","halfbook"
399,"Pedersöre","pedersore","MKO",1820,1844,191,"muuttaneet",25.01.2015,"halfbook in/out:1-63, handrawn in/out:64-190","halfbook in/out:1-63, handrawn in/out:64-190"
399,"Pedersöre","pedersore","AP",1845,1859,104,"muuttaneet",22.08.2022,"handrawn in/out","handrawn in/out"
399,"Pedersöre","pedersore","MKO",1845,1859,101,"muuttaneet",25.01.2015,"handrawn in/out","handrawn in/out"
399,"Pedersöre","pedersore","AP",1860,1900,188,"muuttaneet",22.08.2022,"handrawn in/out","handrawn in/out"
399,"Pedersöre","pedersore","MKO",1860,1890,125,"muuttaneet",25.01.2015,"handrawn in/out","handrawn in/out"
399,"Pedersöre","pedersore","MKO",1891,1900,58,"muuttaneet",25.01.2015,"handrawn in/out","handrawn in/out"
399,"Pedersöre","pedersore","AP",1901,1908,35,"muuttaneet",22.08.2022,"handrawn in/out","handrawn in/out"
399,"Pedersöre","pedersore","MKO",1901,1908,35,"muuttaneet",25.01.2015,"handrawn in/out","handrawn in/out"
399,"Pedersöre","pedersore","AP",1909,1921,44,"muuttaneet",22.08.2022,"print 45","print 45"
399,"Pedersöre","pedersore","MKO",1909,1917,30,"muuttaneet",25.01.2015,"print 45","print 45"
386,"Perho","perho","MKO4",1784,1804,10,"muuttaneet",02.03.2013,"handrawn in/out","handrawn in/out"
386,"Perho","perho","MKO6-7",1850,1876,41,"muuttaneet",02.03.2013,"halfbook misc:1-30, handrawn in/out:31-41","halfbook misc:1-30, handrawn in/out:31-41"
386,"Perho","perho","MKO8",1877,1885,10,"muuttaneet",02.03.2013,"handrawn in/out","handrawn in/out"
387,"Pernaja - Pernå","pernaja","MKO778-787",1860,1885,281,"muuttaneet",08.12.2010,"halfbook","halfbook"
387,"Pernaja - Pernå","pernaja","MKO768",1875,1885,25,"muuttaneet",08.12.2010,"handrawn in","handrawn in"
387,"Pernaja - Pernå","pernaja","MKO768-770",1886,1899,36,"muuttaneet",08.12.2010,"handrawn in","handrawn in"
387,"Pernaja - Pernå","pernaja","MKO787-792",1886,1910,165,"muuttaneet",08.12.2010,"halfbook:1-105, print 7:106-165","halfbook:1-105, print 7:106-165"
388,"Perniö - Bjärnå","pernio","AP",1754,1777,83,"muuttaneet",26.03.2020,"halfbook:1-49, handrawn:50-77, halfbook:78-83","halfbook:1-49, handrawn:50-77, halfbook:78-83"
388,"Perniö - Bjärnå","pernio","JK866",1754,1778,80,"muuttaneet",01.10.2011,"halfbook","halfbook"
388,"Perniö - Bjärnå","pernio","AP",1806,1832,92,"muuttaneet",26.03.2020,"handrawn in/out","handrawn in/out"
388,"Perniö - Bjärnå","pernio","JK856",1806,1832,93,"muuttaneet",07.03.2008,"handrawn in/out","handrawn in/out"
388,"Perniö - Bjärnå","pernio","AP",1833,1880,249,"muuttaneet",09.06.2015,"handrawn in/out","handrawn in/out"
388,"Perniö - Bjärnå","pernio","JK857",1833,1880,248,"muuttaneet",08.03.2008,"handrawn in/out","handrawn in/out"
388,"Perniö - Bjärnå","pernio","AP",1881,1890,57,"muuttaneet",09.06.2015,"print 3","print 3"
388,"Perniö - Bjärnå","pernio","AP",1891,1915,191,"muuttaneet",09.06.2015,"print 3","print 3"
388,"Perniö - Bjärnå","pernio","AP",1916,1932,157,"muuttaneet",04.03.2018,"print 45","print 45"
389,"Pertteli - S:t Bertils","pertteli","JK1063",1805,1829,19,"muuttaneet",10.02.2008,"handrawn misc","handrawn misc"
389,"Pertteli - S:t Bertils","pertteli","JK1063",1830,1867,95,"muuttaneet",10.02.2008,"handrawn in/out","handrawn in/out"
389,"Pertteli - S:t Bertils","pertteli","MKO1-2",1868,1884,45,"muuttaneet",10.07.2009,"handrawn in/out","handrawn in/out"
389,"Pertteli - S:t Bertils","pertteli","MKO2-4",1885,1909,64,"muuttaneet",10.07.2009,"handrawn in/out","handrawn in/out"
389,"Pertteli - S:t Bertils","pertteli","AP",1910,1939,98,"muuttaneet",15.01.2018,"print 45","print 45"
390,"Peräseinäjoki","peraseinajoki","UK59",1804,1857,67,"muuttaneet",27.11.2008,"handrawn in/out","handrawn in/out"
390,"Peräseinäjoki","peraseinajoki","UK59",1858,1884,27,"muuttaneet",27.11.2008,"handrawn in/out","handrawn in/out"
390,"Peräseinäjoki","peraseinajoki","UK59",1885,1890,12,"muuttaneet",27.11.2008,"handrawn in/out","handrawn in/out"
390,"Peräseinäjoki","peraseinajoki","MKO333-334",1891,1909,60,"muuttaneet",23.08.2021,"print 45","print 45"
393,"Petäjävesi","petajavesi","UK429",1809,1864,18,"muuttaneet",19.04.2006,"free text","free text"
393,"Petäjävesi","petajavesi","UK429",1847,1857,51,"muuttaneet",19.04.2006,"free text","free text"
393,"Petäjävesi","petajavesi","UK429",1858,1859,23,"muuttaneet",19.04.2006,"free text","free text"
393,"Petäjävesi","petajavesi","AP",1860,1862,5,"muuttaneet",18.10.2017,"halfbook misc","halfbook misc"
393,"Petäjävesi","petajavesi","UK429B",1860,1862,10,"muuttaneet",16.10.2006,"free text","free text"
393,"Petäjävesi","petajavesi","AP",1863,1897,85,"muuttaneet",18.10.2017,"handrawn misc","handrawn misc"
393,"Petäjävesi","petajavesi","AP_SIS",1898,1916,50,"muuttaneet",18.10.2017,"print 10","print 10"
393,"Petäjävesi","petajavesi","AP_ULOS",1898,1916,82,"muuttaneet",18.10.2017,"print 7","print 7"
394,"Pieksämäki","pieksamaki","MSRK_TK1423",1744,1771,11,"muuttaneet",11.02.2010,"free text","free text"
394,"Pieksämäki","pieksamaki","MSRK_MKO1-3",1862,1882,77,"muuttaneet",04.08.2007,"handrawn out/in","handrawn out/in"
394,"Pieksämäki","pieksamaki","MSRK_MKO3-5",1883,1894,57,"muuttaneet",10.11.2008,"handrawn out/in","handrawn out/in"
395,"Pielavesi","pielavesi","MKO1-5",1834,1874,124,"muuttaneet",14.01.2012,"handrawn misc","handrawn misc"
395,"Pielavesi","pielavesi","MKO6",1875,1880,24,"muuttaneet",14.01.2012,"handrawn in/out","handrawn in/out"
395,"Pielavesi","pielavesi","MKO44-45",1881,1887,37,"muuttaneet",14.01.2012,"print 17","print 17"
395,"Pielavesi","pielavesi","MKO7",1881,1887,28,"muuttaneet",14.01.2012,"Print 1","print 1"
395,"Pielavesi","pielavesi","MKO45-50",1888,1904,147,"muuttaneet",14.01.2012,"print 17","print 17"
395,"Pielavesi","pielavesi","MKO7-11",1888,1904,103,"muuttaneet",14.01.2012,"print 1","print 1"
395,"Pielavesi","pielavesi","MKO12-14",1905,1909,90,"muuttaneet",14.01.2012,"print 16","print 16"
396,"Pielisensuu - Joensuu - Pielisensuu församling","pielisensuu","AP",1915,1920,53,"muuttaneet",05.03.2023,"print 15","print 15"
397,"Pielisjärvi","pielisjarvi","TK1340",1741,1759,25,"muuttaneet",17.03.2010,"halfbook:1-19, handrawn:20-25","halfbook:1-19, handrawn:20-25"
397,"Pielisjärvi","pielisjarvi","AP",1856,1879,50,"muuttaneet",03.12.2020,"handrawn misc","handrawn misc"
397,"Pielisjärvi","pielisjarvi","MKO1702-1704",1856,1879,44,"muuttaneet",18.10.2014,"handrawn misc","handrawn misc"
397,"Pielisjärvi","pielisjarvi","AP_SIS",1880,1905,77,"muuttaneet",03.12.2020,"print 1","print 1"
397,"Pielisjärvi","pielisjarvi","AP_ULOS",1880,1905,146,"muuttaneet",03.12.2020,"print 17","print 17"
397,"Pielisjärvi","pielisjarvi","MKO1705",1880,1889,23,"muuttaneet",18.10.2014,"print 1","print 1"
397,"Pielisjärvi","pielisjarvi","MKO1708-1709",1880,1889,41,"muuttaneet",18.10.2014,"print 17","print 17"
397,"Pielisjärvi","pielisjarvi","MKO1705-1707",1889,1905,49,"muuttaneet",18.10.2014,"print 1","print 1"
397,"Pielisjärvi","pielisjarvi","MKO1709-1712",1889,1905,100,"muuttaneet",18.10.2014,"print 17","print 17"
397,"Pielisjärvi","pielisjarvi","AP",1906,1919,204,"muuttaneet",03.12.2020,"print 46","print 46"
397,"Pielisjärvi","pielisjarvi","MKO1713",1906,1908,30,"muuttaneet",18.10.2014,"print 46","print 46"
398,"Pietarsaari - Jakobstad","pietarsaari","AP",1901,1902,21,"muuttaneet",18.07.2022,"handrawn in/out","handrawn in/out"
398,"Pietarsaari - Jakobstad","pietarsaari","AP",1903,1915,151,"muuttaneet",18.07.2022,"print 45","print 45"
398,"Pietarsaari - Jakobstad","pietarsaari","AP",1915,1921,40,"muuttaneet",18.07.2022,"print 45","print 45"
400,"Pihlajavesi","pihlajavesi","AP",1834,1899,108,"muuttaneet",01.10.2017,"handrawn in/out","handrawn in/out"
400,"Pihlajavesi","pihlajavesi","UK508",1834,1883,73,"muuttaneet",26.11.2007,"handrawn in/out","handrawn in/out"
400,"Pihlajavesi","pihlajavesi","UK508",1884,1899,40,"muuttaneet",26.11.2007,"handrawn in/out","handrawn in/out"
400,"Pihlajavesi","pihlajavesi","AP",1900,1916,47,"muuttaneet",01.10.2017,"print 2:2-18, print 7:19-45","print 2:2-18, print 7:19-45"
400,"Pihlajavesi","pihlajavesi","MKO136",1900,1909,10,"muuttaneet",10.06.2010,"handrawn:1-2, print 2:3-10","handrawn:1-2, print 2:3-10"
400,"Pihlajavesi","pihlajavesi","MKO141",1900,1909,13,"muuttaneet",10.06.2010,"print 7","print 7"
401,"Pihtipudas","pihtipudas","AP",1882,1917,89,"muuttaneet",03.07.2019,"print 3","print 3"
401,"Pihtipudas","pihtipudas","MKO1",1882,1895,30,"muuttaneet",19.02.2007,"print 3","print 3"
401,"Pihtipudas","pihtipudas","MKO2",1896,1905,30,"muuttaneet",28.12.2014,"print 3","print 3"
402,"Piikkiö","piikkio","AP",1816,1823,46,"muuttaneet",24.05.2014,"handrawn in/out","handrawn in/out"
402,"Piikkiö","piikkio","JK323",1816,1823,45,"muuttaneet",18.09.2009,"handrawn in/out","handrawn in/out"
402,"Piikkiö","piikkio","AP",1823,1855,139,"muuttaneet",24.05.2014,"handrawn in/out","handrawn in/out"
402,"Piikkiö","piikkio","JK323",1823,1855,139,"muuttaneet",18.09.2009,"handrawn in/out","handrawn in/out"
402,"Piikkiö","piikkio","JK323",1856,1884,59,"muuttaneet",18.09.2009,"handrawn in/out","handrawn in/out"
402,"Piikkiö","piikkio","MKO1-3",1856,1888,67,"muuttaneet",12.12.2012,"handrawn in/out","handrawn in/out"
402,"Piikkiö","piikkio","JK323",1885,1891,23,"muuttaneet",18.09.2009,"handrawn in/out","handrawn in/out"
402,"Piikkiö","piikkio","MKO3",1888,1891,11,"muuttaneet",12.12.2012,"handrawn in/out","handrawn in/out"
402,"Piikkiö","piikkio","MKO4-5",1892,1906,60,"muuttaneet",12.12.2012,"print 45","print 45"
403,"Piippola","piippola","AP",1880,1916,178,"muuttaneet",19.06.2022,"print 1:5-175","print 1:5-175"
403,"Piippola","piippola","MKO345",1880,1890,23,"muuttaneet",06.02.2015,"print 1","print 1"
403,"Piippola","piippola","MKO348",1880,1890,26,"muuttaneet",06.02.2015,"print 17","print 17"
403,"Piippola","piippola","MKO345-346",1891,1910,37,"muuttaneet",06.02.2015,"print 1","print 1"
403,"Piippola","piippola","MKO348-349",1891,1902,34,"muuttaneet",06.02.2015,"print 17","print 17"
404,"Pirkkala - Birkala","pirkkala","TK425",1808,1832,60,"muuttaneet",10.01.2010,"handrawn","handrawn"
404,"Pirkkala - Birkala","pirkkala","TK425",1833,1868,100,"muuttaneet",10.01.2010,"handrawn misc","handrawn misc"
404,"Pirkkala - Birkala","pirkkala","AP",1869,1892,78,"muuttaneet",26.01.2017,"handrawn in/out","handrawn in/out"
404,"Pirkkala - Birkala","pirkkala","AP",1893,1897,21,"muuttaneet",26.01.2017,"handrawn in/out","handrawn in/out"
404,"Pirkkala - Birkala","pirkkala","AP_SIS",1898,1914,80,"muuttaneet",26.01.2017,"print 10","print 10"
404,"Pirkkala - Birkala","pirkkala","AP_ULOS",1898,1914,80,"muuttaneet",26.01.2017,"print 7","print 7"
405,"Pirttikylä - Pörtom","pirttikyla","UK197",1807,1855,103,"muuttaneet",19.09.2009,"handrawn:1-66, halfbook:67-103","handrawn:1-66, halfbook:67-103"
405,"Pirttikylä - Pörtom","pirttikyla","MKO134-135",1867,1884,32,"muuttaneet",20.09.2009,"handrawn in/out","handrawn in/out"
405,"Pirttikylä - Pörtom","pirttikyla","MKO135",1885,1903,28,"muuttaneet",20.09.2009,"handrawn in/out","handrawn in/out"
407,"Pohja - Pojo","pohja","AP",1805,1872,280,"muuttaneet",18.08.2020,"halfbook:1-10, handrawn in/out:11-280","halfbook:1-10, handrawn in/out:11-280"
407,"Pohja - Pojo","pohja","ES116",1815,1872,284,"muuttaneet",11.07.2009,"halfbook:1-11, handrawn in/out:12-284","halfbook:1-11, handrawn in/out:12-284"
407,"Pohja - Pojo","pohja","AP",1873,1905,247,"muuttaneet",18.08.2020,"print 3","print 3"
407,"Pohja - Pojo","pohja","MKO18-21",1873,1889,91,"muuttaneet",19.12.2014,"print 3","print 3"
407,"Pohja - Pojo","pohja","MKO21-26",1890,1905,154,"muuttaneet",19.12.2014,"print 3","print 3"
407,"Pohja - Pojo","pohja","AP_SIS",1906,1925,73,"muuttaneet",18.08.2020,"print 2","print 2"
407,"Pohja - Pojo","pohja","AP_ULOS",1906,1925,85,"muuttaneet",18.08.2020,"print 7","print 7"
408,"Polvijärvi","polvijarvi","MKO1-2",1873,1891,31,"muuttaneet",06.01.2016,"handrawn:1-5, print 1:6-31","handrawn:1-5, print 1:6-31"
408,"Polvijärvi","polvijarvi","MKO21",1873,1891,28,"muuttaneet",06.01.2016,"handrawn:1-7, print 17:8-28","handrawn:1-7, print 17:8-28"
408,"Polvijärvi","polvijarvi","MKO331",1878,1878,26,"muuttaneet",06.01.2016,"print 43","print 43"
408,"Polvijärvi","polvijarvi","MKO332",1887,1887,18,"muuttaneet",06.01.2016,"print 32","print 32"
408,"Polvijärvi","polvijarvi","MKO2-3",1892,1909,58,"muuttaneet",06.01.2016,"print 1","print 1"
408,"Polvijärvi","polvijarvi","MKO21-23",1892,1909,62,"muuttaneet",06.01.2016,"print 17","print 17"
409,"Pomarkku - Påmark","pomarkku","MKO5-6",1871,1885,38,"muuttaneet",02.12.2010,"handrawn in/out","handrawn in/out"
409,"Pomarkku - Påmark","pomarkku","MKO6-7",1886,1906,52,"muuttaneet",02.12.2010,"handrawn in/out","handrawn in/out"
410,"Pori - Björneborg","pori","KSRK_JK382",1820,1832,69,"muuttaneet",18.08.2010,"handrawn in/out","handrawn in/out"
410,"Pori - Björneborg","pori","MSRK_JK401",1820,1832,43,"muuttaneet",19.08.2010,"handrawn in/out","handrawn in/out"
410,"Pori - Björneborg","pori","KRSK_JK382",1833,1851,106,"muuttaneet",18.08.2010,"handrawn in/out","handrawn in/out"
410,"Pori - Björneborg","pori","MSRK_JK401",1833,1867,99,"muuttaneet",19.08.2010,"handrawn in/out","handrawn in/out"
410,"Pori - Björneborg","pori","KSRK_JK382",1852,1871,167,"muuttaneet",18.08.2010,"print 42","print 42"
410,"Pori - Björneborg","pori","KSRK_MKO18-23",1852,1871,155,"muuttaneet",21.07.2010,"print 42","print 42"
410,"Pori - Björneborg","pori","MSRK_MKO122-124",1867,1885,62,"muuttaneet",21.07.2010,"handrawn in/out","handrawn in/out"
410,"Pori - Björneborg","pori","KSRK_MKO24-29",1872,1885,171,"muuttaneet",21.07.2010,"print 3","print 3"
410,"Pori - Björneborg","pori","MSRK_MKO124-126",1886,1905,88,"muuttaneet",21.07.2010,"handrawn in/out","handrawn in/out"
410,"Pori - Björneborg","pori","KSRK_MKO29-32",1886,1889,84,"muuttaneet",21.07.2010,"print 3","print 3"
410,"Pori - Björneborg","pori","KSRK_MKO33-50",1890,1909,540,"muuttaneet",21.07.2010,"print 38","print 38"
411,"Pornainen - Borgnäs","pornainen","AP_SIS",1874,1895,13,"muuttaneet",01.05.2019,"handrawn in","handrawn in"
411,"Pornainen - Borgnäs","pornainen","AP_ULOS",1874,1895,40,"muuttaneet",01.05.2019,"free text:1-29, handrawn out:30-40","free text:1-29, handrawn out:30-40"
411,"Pornainen - Borgnäs","pornainen","AP_SIS",1896,1918,27,"muuttaneet",01.05.2019,"print 10","print 10"
411,"Pornainen - Borgnäs","pornainen","AP_ULOS",1896,1918,38,"muuttaneet",01.05.2019,"print 7","print 7"
412,"Porvoo - Borgå","porvoo","AP_SIS",1724,1797,124,"muuttaneet",01.02.2022,"print 13a","print 13a"
412,"Porvoo - Borgå","porvoo","AP_SIS",1796,1857,298,"muuttaneet",01.02.2022,"print 2","print 2"
412,"Porvoo - Borgå","porvoo","AP_ULOS",1846,1850,95,"muuttaneet",01.02.2022,"handrawn out","handrawn out"
412,"Porvoo - Borgå","porvoo","RUOTKSRK_MKO101-104",1846,1850,91,"muuttaneet",21.11.2009,"handrawn out:1-53, halfbook out:54-91","handrawn out:1-53, halfbook out:54-91"
412,"Porvoo - Borgå","porvoo","AP_ULOS",1851,1855,99,"muuttaneet",01.02.2022,"halfbook out","halfbook out"
412,"Porvoo - Borgå","porvoo","RUOTKSRK_MKO105-108",1851,1855,96,"muuttaneet",21.11.2009,"halfbook out","halfbook out"
412,"Porvoo - Borgå","porvoo","AP_ULOS",1856,1860,114,"muuttaneet",01.02.2022,"halfbook out","halfbook out"
412,"Porvoo - Borgå","porvoo","RUOTKSRK_MKO109-112",1856,1860,109,"muuttaneet",21.11.2009,"halfbook out","halfbook out"
412,"Porvoo - Borgå","porvoo","AP_SIS",1857,1879,95,"muuttaneet",01.02.2022,"handrawn in","handrawn in"
412,"Porvoo - Borgå","porvoo","RUOTKSRK_MKO98-100",1857,1879,90,"muuttaneet",21.11.2009,"handrawn in","handrawn in"
412,"Porvoo - Borgå","porvoo","AP_ULOS",1861,1868,145,"muuttaneet",01.02.2022,"halfbook out","halfbook out"
412,"Porvoo - Borgå","porvoo","RUOTKSRK_MKO113-117",1861,1868,141,"muuttaneet",21.11.2009,"handrawn out","handrawn out"
412,"Porvoo - Borgå","porvoo","AP_ULOS",1869,1879,133,"muuttaneet",01.02.2022,"handrawn out","handrawn out"
412,"Porvoo - Borgå","porvoo","RUOTKSRK_MKO118-122",1869,1879,128,"muuttaneet",21.11.2009,"handrawn out","handrawn out"
412,"Porvoo - Borgå","porvoo","MSRK_AP",1880,1900,164,"muuttaneet",01.02.2022,"print 3","print 3"
412,"Porvoo - Borgå","porvoo","KSRK_AP",1880,1900,122,"muuttaneet",25.01.2022,"print 3","print 3"
412,"Porvoo - Borgå","porvoo","RUOTKSRK_MKO146-147",1880,1885,45,"muuttaneet",21.11.2009,"print 3","print 3"
412,"Porvoo - Borgå","porvoo","KSRK_MKO71-73",1880,1892,72,"muuttaneet",15.06.2017,"print 3","print 3"
412,"Porvoo - Borgå","porvoo","RUOTKSRK_MKO147-150",1886,1900,113,"muuttaneet",21.11.2009,"print 3","print 3"
412,"Porvoo - Borgå","porvoo","KSRK_MKO73-74",1893,1900,47,"muuttaneet",15.06.2017,"print 3","print 3"
412,"Porvoo - Borgå","porvoo","MSRK_AP_SIS",1901,1919,71,"muuttaneet",01.02.2022,"print 2","print 2"
412,"Porvoo - Borgå","porvoo","KSRK_AP_SIS",1901,1919,48,"muuttaneet",25.01.2022,"print 2","print 2"
412,"Porvoo - Borgå","porvoo","MSRK_AP_ULOS",1901,1919,76,"muuttaneet",01.02.2022,"print 7","print 7"
412,"Porvoo - Borgå","porvoo","KSRK_AP_ULOS",1901,1919,51,"muuttaneet",25.01.2022,"print 7","print 7"
412,"Porvoo - Borgå","porvoo","RUOTKSRK_MKO137",1901,1908,30,"muuttaneet",21.11.2009,"print 2","print 2"
412,"Porvoo - Borgå","porvoo","RUOTKSRK_MKO151",1901,1908,29,"muuttaneet",21.11.2009,"print 7","print 7"
414,"Pudasjärvi","pudasjarvi","IK386",1805,1879,129,"muuttaneet",11.06.2009,"handrawn in/out","handrawn in/out"
414,"Pudasjärvi","pudasjarvi","MKO1-5",1805,1879,121,"muuttaneet",13.08.2006,"handrawn in/out","handrawn in/out"
414,"Pudasjärvi","pudasjarvi","AP_SIS",1880,1929,129,"muuttaneet",11.12.2022,"print 1","print 1"
414,"Pudasjärvi","pudasjarvi","AP_ULOS",1880,1929,144,"muuttaneet",11.12.2022,"print 17","print 17"
414,"Pudasjärvi","pudasjarvi","MKO573",1880,1884,12,"muuttaneet",14.04.2009,"print 1","print 1"
414,"Pudasjärvi","pudasjarvi","MKO574",1880,1884,14,"muuttaneet",14.04.2009,"print 17","print 17"
414,"Pudasjärvi","pudasjarvi","MKO573",1885,1893,18,"muuttaneet",14.04.2009,"print 1","print 1"
414,"Pudasjärvi","pudasjarvi","MKO574",1885,1891,16,"muuttaneet",14.04.2009,"print 17","print 17"
414,"Pudasjärvi","pudasjarvi","MKO595",1892,1903,30,"muuttaneet",27.10.2012,"print 17","print 17"
414,"Pudasjärvi","pudasjarvi","MKO574",1893,1906,30,"muuttaneet",27.10.2012,"print 1","print 1"
415,"Pukkila","pukkila","AP",1841,1843,33,"muuttaneet",09.03.2014,"free text","free text"
415,"Pukkila","pukkila","AP",1843,1847,163,"muuttaneet",03.04.2022,"free text","free text"
415,"Pukkila","pukkila","AP",1848,1879,182,"muuttaneet",03.04.2022,"halfbook","halfbook"
415,"Pukkila","pukkila","AP",1880,1889,31,"muuttaneet",09.03.2014,"print 3","print 3"
415,"Pukkila","pukkila","AP",1889,1910,60,"muuttaneet",09.03.2014,"print 3","print 3"
415,"Pukkila","pukkila","AP",1911,1913,7,"muuttaneet",09.03.2014,"print 2","print 2"
416,"Pulkkila","pulkkila","IK26",1822,1876,88,"muuttaneet",18.04.2008,"handrawn misc","handrawn misc"
416,"Pulkkila","pulkkila","MKO5-6",1822,1876,46,"muuttaneet",27.01.2014,"handrawn out","handrawn out"
416,"Pulkkila","pulkkila","MKO7",1877,1880,5,"muuttaneet",27.01.2014,"handrawn in/out","handrawn in/out"
416,"Pulkkila","pulkkila","MKO7",1880,1889,23,"muuttaneet",27.01.2014,"print 17","print 17"
416,"Pulkkila","pulkkila","MKO8",1880,1889,16,"muuttaneet",27.01.2014,"print 1","print 1"
416,"Pulkkila","pulkkila","MKO7-8",1890,1907,37,"muuttaneet",27.01.2014,"print 17","print 17"
416,"Pulkkila","pulkkila","MKO8",1890,1896,14,"muuttaneet",27.01.2014,"print 1","print 1"
418,"Punkalaidun","punkalaidun","AP",1722,1761,13,"muuttaneet",26.05.2016,"halfbook","halfbook"
418,"Punkalaidun","punkalaidun","AP",1770,1792,21,"muuttaneet",26.05.2016,"halfbook","halfbook"
418,"Punkalaidun","punkalaidun","TK684",1844,1886,134,"muuttaneet",09.03.2011,"handrawn in/out","handrawn in/out"
418,"Punkalaidun","punkalaidun","TK684",1887,1895,26,"muuttaneet",09.03.2011,"handrawn in/out","handrawn in/out"
418,"Punkalaidun","punkalaidun","AP",1896,1912,68,"muuttaneet",20.12.2013,"print 45","print 45"
418,"Punkalaidun","punkalaidun","MKO15",1896,1904,30,"muuttaneet",02.12.2010,"print 45","print 45"
419,"Puolanka","puolanka","MKO1-2",1844,1883,18,"muuttaneet",15.04.2008,"handrawn in","handrawn in"
419,"Puolanka","puolanka","MKO3-4",1844,1883,36,"muuttaneet",15.04.2008,"handrawn out","handrawn out"
419,"Puolanka","puolanka","MKO2",1884,1890,9,"muuttaneet",15.04.2008,"handrawn in","handrawn in"
419,"Puolanka","puolanka","MKO4",1884,1890,11,"muuttaneet",15.04.2008,"handrawn out","handrawn out"
419,"Puolanka","puolanka","MKO7-8",1890,1911,48,"muuttaneet",15.04.2008,"print 17","print 17"
419,"Puolanka","puolanka","AP_SIS",1891,1911,5,"muuttaneet",03.11.2022,"print 1","print 1"
419,"Puolanka","puolanka","MKO5-6",1891,1911,34,"muuttaneet",15.04.2008,"print 1","print 1"
419,"Puolanka","puolanka","AP",1911,1922,46,"muuttaneet",03.11.2022,"print 16","print 16"
420,"Purmo","purmo","AP",1804,1872,101,"muuttaneet",08.06.2022,"handrawn misc","handrawn misc"
420,"Purmo","purmo","MKO1-4",1804,1872,100,"muuttaneet",17.02.2012,"handrawn misc","handrawn misc"
420,"Purmo","purmo","AP",1873,1894,50,"muuttaneet",08.06.2022,"handrawn in/out","handrawn in/out"
420,"Purmo","purmo","MKO5",1873,1887,26,"muuttaneet",17.02.2012,"handrawn in/out","handrawn in/out"
420,"Purmo","purmo","MKO5-6",1888,1894,23,"muuttaneet",17.02.2012,"handrawn in/out","handrawn in/out"
420,"Purmo","purmo","AP",1895,1921,50,"muuttaneet",08.06.2022,"print 45","print 45"
420,"Purmo","purmo","MKO7-8",1895,1912,37,"muuttaneet",17.02.2012,"print 45","print 45"
421,"Pusula","pusula","MKO1-7",1805,1874,203,"muuttaneet",18.01.2015,"handrawn in/out","handrawn in/out"
421,"Pusula","pusula","MKO8-9",1874,1890,45,"muuttaneet",18.01.2015,"print 3","print 3"
421,"Pusula","pusula","MKO9-11",1891,1908,75,"muuttaneet",18.01.2015,"print 3","print 3"
422,"Puumala","puumala","AP",1890,1938,183,"muuttaneet",09.05.2022,"print 10:3-61, empty:62-83, print 7:84-147, empty:148-183","print 10:3-61, empty:62-83, print 7:84-147, empty:148-183"
423,"Pyhtää - Pyttis","pyhtaa","MKO234-237",1811,1867,116,"muuttaneet",05.05.2015,"free text:1-87, handrawn:88-116","free text:1-87, handrawn:88-116"
423,"Pyhtää - Pyttis","pyhtaa","MKO238",1870,1889,20,"muuttaneet",05.05.2015,"handrawn in","handrawn in"
423,"Pyhtää - Pyttis","pyhtaa","MKO239",1870,1889,19,"muuttaneet",05.05.2015,"handrawn out","handrawn out"
423,"Pyhtää - Pyttis","pyhtaa","MKO240",1890,1903,25,"muuttaneet",05.05.2015,"print 10","print 10"
423,"Pyhtää - Pyttis","pyhtaa","MKO241",1890,1903,23,"muuttaneet",05.05.2015,"print 7","print 7"
423,"Pyhtää - Pyttis","pyhtaa","MKO242",1904,1907,30,"muuttaneet",05.05.2015,"print 8","print 8"
424,"Pyhäjoki","pyhajoki","MKO14-15",1881,1906,60,"muuttaneet",25.08.2021,"print 1","print 1"
424,"Pyhäjoki","pyhajoki","MKO20-21",1881,1903,60,"muuttaneet",25.08.2021,"print 17","print 17"
425,"Pyhäjärvi","pyhajarvi","AP",1839,1866,61,"muuttaneet",11.06.2020,"handrawn in/out","handrawn in/out"
425,"Pyhäjärvi","pyhajarvi","IK14",1839,1866,61,"muuttaneet",09.07.2008,"handrawn in/out:1-56, free text:57-61","handrawn in/out:1-56, free text:57-61"
425,"Pyhäjärvi","pyhajarvi","IK14",1851,1855,18,"muuttaneet",09.07.2008,"handrawn:1-6, wrong:7-18","handrawn:1-6, wrong:7-18"
425,"Pyhäjärvi","pyhajarvi","AP",1866,1895,65,"muuttaneet",11.06.2020,"handrawn misc","handrawn misc"
425,"Pyhäjärvi","pyhajarvi","MKO3-4",1866,1888,47,"muuttaneet",15.03.2013,"handrawn misc","handrawn misc"
425,"Pyhäjärvi","pyhajarvi","MKO4",1889,1896,13,"muuttaneet",15.03.2013,"handrawn misc","handrawn misc"
425,"Pyhäjärvi","pyhajarvi","AP",1896,1918,138,"muuttaneet",11.06.2020,"print 8","print 8"
425,"Pyhäjärvi","pyhajarvi","MKO5-6",1896,1906,60,"muuttaneet",15.03.2013,"print 8","print 8"
428,"Pyhämaa","pyhamaa","AP_ULOS",1852,1883,53,"muuttaneet",04.04.2018,"wrong:1-46, handrawn out:47-53","wrong:1-46, handrawn out:47-53"
428,"Pyhämaa","pyhamaa","MKO93",1864,1887,24,"muuttaneet",01.02.2012,"handrawn in/out","handrawn in/out"
428,"Pyhämaa","pyhamaa","MKO93",1888,1890,3,"muuttaneet",01.02.2012,"handrawn in/out","handrawn in/out"
430,"Pyhäranta","pyharanta","AP",1851,1887,79,"muuttaneet",28.03.2012,"handrawn in/out","handrawn in/out"
430,"Pyhäranta","pyharanta","AP",1888,1891,8,"muuttaneet",28.03.2012,"handrawn in/out","handrawn in/out"
430,"Pyhäranta","pyharanta","AP",1892,1911,39,"muuttaneet",28.03.2012,"print 45","print 45"
432,"Pylkönmäki","pylkonmaki","AP",1900,1915,29,"muuttaneet",03.11.2016,"print 2:2-14, print 7:15-29","print 2:2-14, print 7:15-29"
433,"Pälkjärvi","palkjarvi","MKO186",1857,1879,26,"muuttaneet",22.10.2009,"handrawn out/in","handrawn out/in"
433,"Pälkjärvi","palkjarvi","MKO187",1880,1884,11,"muuttaneet",22.10.2009,"print 1","print 1"
433,"Pälkjärvi","palkjarvi","MKO187",1885,1894,19,"muuttaneet",22.10.2009,"print 1","print 1"
433,"Pälkjärvi","palkjarvi","MKO190",1885,1896,30,"muuttaneet",23.10.2009,"print 17","print 17"
433,"Pälkjärvi","palkjarvi","MKO188",1894,1905,30,"muuttaneet",23.10.2009,"print 1","print 1"
433,"Pälkjärvi","palkjarvi","MKO191",1896,1905,30,"muuttaneet",23.10.2009,"print 17","print 17"
434,"Pälkäne","palkane","TK45",1825,1872,143,"muuttaneet",09.07.2010,"handrawn misc","handrawn misc"
434,"Pälkäne","palkane","MKO281-282",1873,1886,31,"muuttaneet",04.08.2011,"print 41","print 41"
434,"Pälkäne","palkane","MKO282-284",1886,1901,61,"muuttaneet",04.08.2011,"print 41","print 41"
434,"Pälkäne","palkane","MKO285",1902,1911,17,"muuttaneet",09.03.2011,"print 2","print 2"
434,"Pälkäne","palkane","MKO290",1902,1911,26,"muuttaneet",09.03.2011,"print 7","print 7"
436,"Pöytyä","poytya","MKO10",1885,1889,28,"muuttaneet",18.12.2013,"print 3","print 3"
436,"Pöytyä","poytya","MKO10-14",1890,1908,122,"muuttaneet",18.12.2013,"print 3","print 3"
437,"Raahe - Brahestad","raahe","MKO1-2",1857,1871,38,"muuttaneet",09.08.2010,"handrawn in/out","handrawn in/out"
437,"Raahe - Brahestad","raahe","MKO3-4",1871,1880,42,"muuttaneet",09.08.2010,"handrawn in/out","handrawn in/out"
437,"Raahe - Brahestad","raahe","MKO5",1880,1885,23,"muuttaneet",09.08.2010,"print 1","print 1"
437,"Raahe - Brahestad","raahe","MKO8",1880,1885,25,"muuttaneet",09.08.2010,"print 17","print 17"
437,"Raahe - Brahestad","raahe","MKO5-7",1886,1900,61,"muuttaneet",09.08.2010,"print 1","print 1"
437,"Raahe - Brahestad","raahe","MKO8-11",1886,1901,68,"muuttaneet",09.08.2010,"print 17","print 17"
439,"Raippaluoto - Replot","raippaluoto","MKO1",1814,1838,19,"muuttaneet",11.07.2015,"handrawn misc","handrawn misc"
440,"Raisio - Reso","raisio","AP",1805,1840,167,"muuttaneet",15.09.2015,"handrawn in/out","handrawn in/out"
440,"Raisio - Reso","raisio","AP",1841,1883,108,"muuttaneet",24.05.2014,"handrawn in/out","handrawn in/out"
440,"Raisio - Reso","raisio","MKO1-4",1841,1883,104,"muuttaneet",22.02.2012,"handrawn in/out","handrawn in/out"
440,"Raisio - Reso","raisio","AP",1884,1889,17,"muuttaneet",24.05.2014,"handrawn misc","handrawn misc"
440,"Raisio - Reso","raisio","MKO5",1884,1887,9,"muuttaneet",22.02.2012,"handrawn misc","handrawn misc"
440,"Raisio - Reso","raisio","MKO5",1888,1891,11,"muuttaneet",22.02.2012,"handrawn in/out","handrawn in/out"
440,"Raisio - Reso","raisio","AP",1890,1891,41,"muuttaneet",24.05.2014,"handrawn in/out:1-6, wrong:7-41","handrawn in/out:1-6, wrong:7-41"
441,"Rantasalmi","rantasalmi","UK898-899",1776,1828,132,"muuttaneet",12.02.2010,"handrawn in/out","handrawn in/out"
441,"Rantasalmi","rantasalmi","UK899",1828,1857,113,"muuttaneet",12.02.2010,"handrawn misc","handrawn misc"
441,"Rantasalmi","rantasalmi","MKO1-2",1858,1878,46,"muuttaneet",22.03.2007,"handrawn","handrawn"
441,"Rantasalmi","rantasalmi","MKO8-9",1858,1878,44,"muuttaneet",22.03.2007,"handrawn in","handrawn in"
441,"Rantasalmi","rantasalmi","MKO10-12",1879,1906,90,"muuttaneet",22.03.2007,"handrawn in","handrawn in"
441,"Rantasalmi","rantasalmi","MKO3-4",1879,1893,48,"muuttaneet",22.03.2007,"handrawn out","handrawn out"
441,"Rantasalmi","rantasalmi","MKO5-6",1894,1906,60,"muuttaneet",22.03.2007,"print 40","print 40"
442,"Rantsila","rantsila","MKO1A-1B",1847,1880,55,"muuttaneet",08.03.2010,"handrawn in/out","handrawn in/out"
442,"Rantsila","rantsila","MKO1",1880,1890,21,"muuttaneet",29.06.2015,"print 1","print 1"
442,"Rantsila","rantsila","MKO17",1880,1890,24,"muuttaneet",29.06.2015,"print 17","print 17"
442,"Rantsila","rantsila","MKO1-2",1891,1902,39,"muuttaneet",29.06.2015,"print 1","print 1"
442,"Rantsila","rantsila","MKO17-19",1891,1903,59,"muuttaneet",29.06.2015,"print 17","print 17"
444,"Rauma - Raumo","rauma","KSRK_JK294",1831,1852,164,"muuttaneet",05.04.2010,"handrawn misc","handrawn misc"
444,"Rauma - Raumo","rauma","MSRK_JK294",1831,1852,107,"muuttaneet",05.04.2010,"handrawn misc","handrawn misc"
444,"Rauma - Raumo","rauma","MSRK_AP",1853,1874,75,"muuttaneet",20.03.2013,"handrawn in/out","handrawn in/out"
444,"Rauma - Raumo","rauma","KSRK_AP",1853,1867,105,"muuttaneet",22.03.2013,"handrawn in/out","handrawn in/out"
444,"Rauma - Raumo","rauma","KSRK_JK294",1853,1874,190,"muuttaneet",05.04.2010,"handrawn misc","handrawn misc"
444,"Rauma - Raumo","rauma","MSRK_JK294",1853,1874,138,"muuttaneet",05.04.2010,"handrawn misc","handrawn misc"
444,"Rauma - Raumo","rauma","MSRK_MKO1-3",1853,1874,72,"muuttaneet",30.03.2010,"handrawn in/out","handrawn in/out"
444,"Rauma - Raumo","rauma","KSRK_MKO1-4",1853,1867,103,"muuttaneet",25.07.2011,"handrawn in/out","handrawn in/out"
444,"Rauma - Raumo","rauma","KSRK_AP",1868,1887,78,"muuttaneet",22.03.2013,"handrawn in/out","handrawn in/out"
444,"Rauma - Raumo","rauma","KSRK_MKO5-7",1868,1886,72,"muuttaneet",25.07.2011,"handrawn in/out","handrawn in/out"
444,"Rauma - Raumo","rauma","MSRK_AP",1875,1887,25,"muuttaneet",20.03.2013,"handrawn in/out","handrawn in/out"
444,"Rauma - Raumo","rauma","MSRK_MKO4",1875,1885,21,"muuttaneet",30.03.2010,"handrawn in/out","handrawn in/out"
444,"Rauma - Raumo","rauma","MSRK_MKO4",1885,1889,9,"muuttaneet",30.03.2010,"handrawn in/out","handrawn in/out"
444,"Rauma - Raumo","rauma","KSRK_MKO7",1887,1889,10,"muuttaneet",25.07.2011,"handrawn in/out","handrawn in/out"
444,"Rauma - Raumo","rauma","MSRK_AP",1888,1889,8,"muuttaneet",20.03.2013,"handrawn in/out","handrawn in/out"
444,"Rauma - Raumo","rauma","KSRK_AP",1888,1889,8,"muuttaneet",22.03.2013,"handrawn in/out","handrawn in/out"
444,"Rauma - Raumo","rauma","MSRK_AP",1890,1912,74,"muuttaneet",20.03.2013,"print 39","print 39"
444,"Rauma - Raumo","rauma","KSRK_AP",1890,1912,129,"muuttaneet",22.03.2013,"print 39","print 39"
444,"Rauma - Raumo","rauma","MSRK_MKO5",1890,1902,30,"muuttaneet",30.03.2010,"print 39","print 39"
444,"Rauma - Raumo","rauma","KSRK_MKO8-10",1890,1910,90,"muuttaneet",25.07.2011,"print 39","print 39"
444,"Rauma - Raumo","rauma","KSRK_AP",1915,1917,38,"muuttaneet",25.04.2017,"print 45","print 45"
445,"Rautalampi","rautalampi","TK1104",1822,1846,103,"muuttaneet",15.02.2008,"handrawn","handrawn"
445,"Rautalampi","rautalampi","MKO884-885",1847,1867,48,"muuttaneet",12.05.2007,"handrawn in","handrawn in"
445,"Rautalampi","rautalampi","MKO886-887",1847,1858,52,"muuttaneet",14.05.2007,"handrawn out","handrawn out"
445,"Rautalampi","rautalampi","MKO920-927",1859,1879,222,"muuttaneet",12.05.2007,"handrawn out:1-12, halfbook:13-222","handrawn out:1-12, halfbook:13-222"
445,"Rautalampi","rautalampi","MKO888",1868,1875,24,"muuttaneet",12.05.2007,"handrawn in","handrawn in"
445,"Rautalampi","rautalampi","AP",1876,1921,254,"muuttaneet",31.08.2022,"handrawn in:1-11, print 1:12-252","handrawn in:1-11, print 1:12-252"
445,"Rautalampi","rautalampi","MKO890",1876,1879,12,"muuttaneet",12.05.2007,"handrawn in","handrawn in"
445,"Rautalampi","rautalampi","MKO891-895",1880,1905,150,"muuttaneet",12.05.2007,"print 1","print 1"
445,"Rautalampi","rautalampi","MKO928-935",1880,1902,233,"muuttaneet",12.05.2007,"print 17","print 17"
445,"Rautalampi","rautalampi","AP",1902,1922,202,"muuttaneet",31.08.2022,"print 16","print 16"
445,"Rautalampi","rautalampi","MKO900-902",1902,1906,60,"muuttaneet",13.05.2007,"print 16","print 16"
445,"Rautalampi","rautalampi","MKO896-897",1906,1917,60,"muuttaneet",30.08.2022,"print 1","print 1"
445,"Rautalampi","rautalampi","MKO902-904",1906,1916,90,"muuttaneet",30.08.2022,"print 16","print 16"
446,"Rautavaara","rautavaara","MKO238",1851,1856,3,"muuttaneet",02.11.2009,"handrawn in","handrawn in"
446,"Rautavaara","rautavaara","MKO249",1851,1856,3,"muuttaneet",02.11.2009,"handrawn out","handrawn out"
446,"Rautavaara","rautavaara","MKO239",1860,1882,9,"muuttaneet",02.11.2009,"handrawn in","handrawn in"
446,"Rautavaara","rautavaara","MKO250",1860,1883,8,"muuttaneet",02.11.2009,"handrawn out","handrawn out"
446,"Rautavaara","rautavaara","MKO240",1883,1908,30,"muuttaneet",02.11.2009,"print 1","print 1"
446,"Rautavaara","rautavaara","MKO251",1883,1902,30,"muuttaneet",02.11.2009,"print 17","print 17"
447,"Rautio","rautio","MKO1",1807,1839,25,"muuttaneet",17.12.2015,"handrawn in/out","handrawn in/out"
447,"Rautio","rautio","MKO2-3",1839,1861,42,"muuttaneet",17.12.2015,"handrawn in/out:1-11, halfbook in/out:12-42","handrawn in/out:1-11, halfbook in/out:12-42"
447,"Rautio","rautio","AP",1862,1879,27,"muuttaneet",30.05.2023,"halfbook in/out:1-8, handrawn misc:9-27","halfbook in/out:1-8, handrawn misc:9-27"
447,"Rautio","rautio","MKO4",1862,1879,22,"muuttaneet",17.12.2015,"halfbook in/out:1-5, handrawn misc:6-22","halfbook in/out:1-5, handrawn misc:6-22"
447,"Rautio","rautio","AP",1880,1912,94,"muuttaneet",30.05.2023,"print 1:3-49, print 17:52-92","print 1:3-49, print 17:52-92"
447,"Rautio","rautio","MKO6",1880,1890,11,"muuttaneet",17.12.2015,"print 1","print 1"
447,"Rautio","rautio","MKO7",1880,1890,14,"muuttaneet",17.12.2015,"print 17","print 17"
447,"Rautio","rautio","MKO6",1890,1902,19,"muuttaneet",17.12.2015,"print 1","print 1"
447,"Rautio","rautio","MKO7",1891,1903,16,"muuttaneet",17.12.2015,"print 17","print 17"
447,"Rautio","rautio","AP",1913,1921,27,"muuttaneet",30.05.2023,"print 16","print 16"
449,"Rautu","rautu","UK720",1851,1883,37,"muuttaneet",03.02.2008,"handrawn out/in","handrawn out/in"
449,"Rautu","rautu","UK720",1884,1888,6,"muuttaneet",03.02.2008,"handrawn out/in","handrawn out/in"
450,"Reisjärvi","reisjarvi","IK160",1813,1845,67,"muuttaneet",25.12.2009,"handrawn misc","handrawn misc"
450,"Reisjärvi","reisjarvi","IK160",1846,1879,35,"muuttaneet",25.12.2009,"handrawn in/out","handrawn in/out"
450,"Reisjärvi","reisjarvi","MKO5",1880,1899,30,"muuttaneet",23.08.2021,"print 17","print 17"
450,"Reisjärvi","reisjarvi","MKO8",1880,1896,30,"muuttaneet",23.08.2021,"print 1","print 1"
451,"Renko","renko","MKO196-197",1840,1865,36,"muuttaneet",05.04.2018,"handrawn in","handrawn in"
451,"Renko","renko","MKO201",1866,1891,28,"muuttaneet",04.06.2018,"handrawn out","handrawn out"
453,"Revonlahti","revonlahti","MKO1-3",1834,1880,66,"muuttaneet",13.10.2007,"handrawn in/out","handrawn in/out"
453,"Revonlahti","revonlahti","MKO4-7",1881,1906,89,"muuttaneet",13.10.2007,"print 1:2-42, print 17:43-89","print 1:2-42, print 17:43-89"
455,"Ristiina - Kristina","ristiina","MKO1-2",1789,1815,37,"muuttaneet",19.06.2010,"handrawn misc","handrawn misc"
455,"Ristiina - Kristina","ristiina","MKO1-2",1865,1879,35,"muuttaneet",19.06.2010,"handrawn in/out","handrawn in/out"
455,"Ristiina - Kristina","ristiina","MKO3",1880,1885,19,"muuttaneet",19.06.2010,"print 3","print 3"
455,"Ristiina - Kristina","ristiina","MKO3-5",1886,1905,65,"muuttaneet",19.06.2010,"print 3","print 3"
455,"Ristiina - Kristina","ristiina","MKO6",1906,1910,30,"muuttaneet",19.06.2010,"print 16","print 16"
456,"Ristijärvi","ristijarvi","MK1",1855,1881,54,"muuttaneet",06.11.2005,"handrawn misc:1-47, print 1:48-52, print 17:53-54","handrawn misc:1-47, print 1:48-52, print 17:53-54"
456,"Ristijärvi","ristijarvi","AP_S",1881,1889,10,"muuttaneet",21.10.2014,"print 1","print 1"
456,"Ristijärvi","ristijarvi","AP_SIS",1881,1921,46,"muuttaneet",07.11.2022,"print 1","print 1"
456,"Ristijärvi","ristijarvi","AP_U",1881,1889,17,"muuttaneet",21.10.2014,"print 17","print 17"
456,"Ristijärvi","ristijarvi","AP_ULOS",1881,1921,75,"muuttaneet",07.11.2022,"print 17","print 17"
456,"Ristijärvi","ristijarvi","MKO8",1881,1896,30,"muuttaneet",06.05.2008,"print 17","print 17"
456,"Ristijärvi","ristijarvi","MKO1",1882,1908,29,"muuttaneet",06.05.2008,"print 1","print 1"
456,"Ristijärvi","ristijarvi","AP_S",1890,1913,26,"muuttaneet",21.10.2014,"print 1","print 1"
456,"Ristijärvi","ristijarvi","AP_U",1890,1913,45,"muuttaneet",21.10.2014,"print 17","print 17"
457,"Rovaniemi","rovaniemi","IK378",1819,1838,18,"muuttaneet",12.11.2007,"handrawn out/in","handrawn out/in"
458,"Ruokolahti","ruokolahti","AP",1723,1861,44,"muuttaneet",04.03.2018,"handrawn in","handrawn in"
458,"Ruokolahti","ruokolahti","AP",1790,1812,21,"muuttaneet",10.11.2021,"halfbook ","halfbook "
458,"Ruokolahti","ruokolahti","AP",1856,1880,31,"muuttaneet",04.03.2018,"handrawn misc","handrawn misc"
458,"Ruokolahti","ruokolahti","MKO590",1856,1880,18,"muuttaneet",23.11.2009,"handrawn out","handrawn out"
458,"Ruokolahti","ruokolahti","MKO589",1862,1880,11,"muuttaneet",23.11.2009,"handrawn in","handrawn in"
458,"Ruokolahti","ruokolahti","AP",1881,1895,40,"muuttaneet",04.03.2018,"print 3","print 3"
458,"Ruokolahti","ruokolahti","MKO591",1881,1885,10,"muuttaneet",23.11.2009,"print 3","print 3"
458,"Ruokolahti","ruokolahti","MKO593",1881,1885,9,"muuttaneet",23.11.2009,"print 3","print 3"
458,"Ruokolahti","ruokolahti","MKO591-592",1886,1895,24,"muuttaneet",23.11.2009,"print 3","print 3"
458,"Ruokolahti","ruokolahti","MKO593",1886,1895,19,"muuttaneet",23.11.2009,"print 3","print 3"
459,"Ruotsinpyhtää - Strömfors","ruotsinpyhtaa","MKO1",1870,1889,30,"muuttaneet",07.05.2015,"free text in","free text in"
459,"Ruotsinpyhtää - Strömfors","ruotsinpyhtaa","MKO8-9",1870,1890,33,"muuttaneet",07.05.2015,"free text out","free text out"
459,"Ruotsinpyhtää - Strömfors","ruotsinpyhtaa","MKO10-11",1890,1910,60,"muuttaneet",07.05.2015,"print 7","print 7"
459,"Ruotsinpyhtää - Strömfors","ruotsinpyhtaa","MKO2-3",1890,1910,60,"muuttaneet",07.05.2015,"print 10","print 10"
460,"Ruovesi","ruovesi","TK206",1751,1771,53,"muuttaneet",22.05.2007,"free text","free text"
460,"Ruovesi","ruovesi","AP",1808,1827,80,"muuttaneet",27.10.2021,"free text:1-68, handrawn in/out:69-80","free text:1-68, handrawn in/out:69-80"
460,"Ruovesi","ruovesi","TK209",1808,1827,80,"muuttaneet",11.12.2007,"free text:1-69, handrawn in/out:70-80","free text:1-69, handrawn in/out:70-80"
460,"Ruovesi","ruovesi","AP",1827,1831,61,"muuttaneet",27.10.2021,"handrawn in/out","handrawn in/out"
460,"Ruovesi","ruovesi","TK209",1827,1831,118,"muuttaneet",20.01.2008,"handrawn misc","handrawn misc"
460,"Ruovesi","ruovesi","TK209",1832,1866,344,"muuttaneet",20.01.2008,"handrawn misc","handrawn misc"
460,"Ruovesi","ruovesi","MKO12-13",1867,1883,39,"muuttaneet",06.04.2008,"handrawn in/out","handrawn in/out"
460,"Ruovesi","ruovesi","MKO13-14",1884,1893,38,"muuttaneet",06.04.2008,"handrawn in/out","handrawn in/out"
460,"Ruovesi","ruovesi","AP",1894,1911,110,"muuttaneet",10.12.2019,"print 36","print 36"
460,"Ruovesi","ruovesi","MKO15-17",1894,1910,90,"muuttaneet",20.10.2008,"print 36","print 36"
460,"Ruovesi","ruovesi","AP_SIS",1912,1931,51,"muuttaneet",10.12.2019,"print 2","print 2"
460,"Ruovesi","ruovesi","AP_ULOS",1912,1931,93,"muuttaneet",10.12.2019,"print 7","print 7"
462,"Rusko","rusko","MKO1-2",1805,1841,39,"muuttaneet",24.05.2014,"handrawn in/out","handrawn in/out"
462,"Rusko","rusko","MKO2-4",1842,1882,62,"muuttaneet",24.05.2014,"handrawn misc","handrawn misc"
462,"Rusko","rusko","MKO4",1882,1889,13,"muuttaneet",24.05.2014,"print 3","print 3"
462,"Rusko","rusko","MKO4-5",1890,1906,36,"muuttaneet",24.05.2014,"print 3","print 3"
463,"Rymättylä - Rimito","rymattyla","AP",1759,1810,87,"muuttaneet",24.02.2016,"handrawn misc","handrawn misc"
463,"Rymättylä - Rimito","rymattyla","AP",1811,1863,88,"muuttaneet",22.09.2013,"handrawn in/out","handrawn in/out"
463,"Rymättylä - Rimito","rymattyla","MKO181-183",1864,1887,87,"muuttaneet",16.11.2012,"handrawn in/out","handrawn in/out"
463,"Rymättylä - Rimito","rymattyla","MKO183-186",1888,1898,85,"muuttaneet",16.11.2012,"handrawn in/out","handrawn in/out"
463,"Rymättylä - Rimito","rymattyla","MKO187",1899,1908,30,"muuttaneet",16.11.2012,"print 45","print 45"
464,"Räisälä","raisala","MKO311",1871,1885,30,"muuttaneet",08.02.2010,"handrawn out","handrawn out"
464,"Räisälä","raisala","MKO312-313",1871,1885,37,"muuttaneet",08.02.2010,"handrawn in","handrawn in"
464,"Räisälä","raisala","MKO312",1886,1889,12,"muuttaneet",08.02.2010,"handrawn out","handrawn out"
464,"Räisälä","raisala","MKO313-314",1886,1889,12,"muuttaneet",08.02.2010,"handrawn in","handrawn in"
465,"Rääkkylä","raakkyla","TK2182",1853,1861,98,"muuttaneet",11.08.2010,"free text:1-80, handrawn in/out:81-98","free text:1-80, handrawn in/out:81-98"
465,"Rääkkylä","raakkyla","MKO1",1880,1890,24,"muuttaneet",18.12.2015,"print 1","print 1"
465,"Rääkkylä","raakkyla","MKO6-7",1880,1890,33,"muuttaneet",18.12.2015,"print 17","print 17"
465,"Rääkkylä","raakkyla","MKO1-2",1891,1903,36,"muuttaneet",18.12.2015,"print 1","print 1"
465,"Rääkkylä","raakkyla","MKO7-9",1891,1908,86,"muuttaneet",18.12.2015,"print 17","print 17"
467,"Saarijärvi","saarijarvi","MKO579-581",1856,1879,94,"muuttaneet",08.09.2006,"handrawn in/out:1-80, halfbook:81-94","handrawn in/out:1-80, halfbook:81-94"
467,"Saarijärvi","saarijarvi","AP",1880,1886,31,"muuttaneet",28.09.2017,"handrawn in/out","handrawn in/out"
467,"Saarijärvi","saarijarvi","MKO582-583",1880,1882,50,"muuttaneet",08.09.2006,"handrawn in/out:1-32, print 3:33-50","handrawn in/out:1-32, print 3:33-50"
467,"Saarijärvi","saarijarvi","AP",1887,1890,22,"muuttaneet",28.09.2017,"print 3","print 3"
467,"Saarijärvi","saarijarvi","AP",1890,1915,139,"muuttaneet",28.09.2017,"print 10","print 10"
467,"Saarijärvi","saarijarvi","MKO600",1890,1899,31,"muuttaneet",09.09.2006,"print 7","print 7"
468,"Sahalahti","sahalahti","TK500",1736,1783,78,"muuttaneet",10.07.2010,"free text","free text"
468,"Sahalahti","sahalahti","TK500",1805,1811,19,"muuttaneet",10.07.2010,"halfbook:1-12, handrawn misc:13-19","halfbook:1-12, handrawn misc:13-19"
468,"Sahalahti","sahalahti","TK500",1811,1841,129,"muuttaneet",10.07.2010,"halfbook misc","halfbook misc"
468,"Sahalahti","sahalahti","MKO1-2",1842,1884,53,"muuttaneet",10.07.2010,"halfbook in:1-34, handrawn in:35-53","halfbook in:1-34, handrawn in:35-53"
468,"Sahalahti","sahalahti","MKO3-5",1842,1884,64,"muuttaneet",10.07.2010,"halfbook out:1-40, handrawn out:41-64","halfbook out:1-40, handrawn out:41-64"
468,"Sahalahti","sahalahti","MKO6-7",1884,1902,59,"muuttaneet",10.07.2010,"print 3","print 3"
470,"Sakkola","sakkola","UK741",1827,1848,18,"muuttaneet",15.01.2007,"handrawn in","handrawn in"
470,"Sakkola","sakkola","UK741",1828,1855,27,"muuttaneet",15.01.2007,"handrawn out","handrawn out"
470,"Sakkola","sakkola","MKO272",1880,1883,14,"muuttaneet",05.12.2007,"print 3","print 3"
470,"Sakkola","sakkola","MKO272",1884,1890,17,"muuttaneet",05.12.2007,"print 3","print 3"
472,"Salo","salo","AP",1805,1811,182,"muuttaneet",20.02.2012,"free text:1-166, handrawn:167-182","free text:1-166, handrawn:167-182"
472,"Salo","salo","AP",1812,1862,184,"muuttaneet",20.02.2012,"handrawn:1-8, halfbook:9-30, handrawn:31-184","handrawn:1-8, halfbook:9-30, handrawn:31-184"
472,"Salo","salo","AP",1914,1948,141,"muuttaneet",07.03.2018,"print 45","print 45"
473,"Saloinen","saloinen","IK548",1848,1884,51,"muuttaneet",01.11.2009,"halfbook:1-15, handrawn misc:16-51","halfbook:1-15, handrawn misc:16-51"
473,"Saloinen","saloinen","IK548",1884,1903,14,"muuttaneet",01.11.2009,"handrawn in","handrawn in"
475,"Saltvik","saltvik","AP",1828,1842,11,"muuttaneet",31.05.2023,"handrawn in/out","handrawn in/out"
475,"Saltvik","saltvik","AP",1843,1890,52,"muuttaneet",31.05.2023,"handrawn in/out","handrawn in/out"
475,"Saltvik","saltvik","AP",1890,1905,44,"muuttaneet",31.05.2023,"handrawn in/out","handrawn in/out"
476,"Sammatti","sammatti","MKO1-2",1829,1886,36,"muuttaneet",06.11.2010,"handrawn in/out","handrawn in/out"
476,"Sammatti","sammatti","MKO10-12",1862,1886,79,"muuttaneet",06.11.2010,"handrawn misc","handrawn misc"
476,"Sammatti","sammatti","MKO2",1887,1889,3,"muuttaneet",06.11.2010,"handrawn in/out","handrawn in/out"
477,"Sauvo - Sagu","sauvo","JK578-579",1820,1838,145,"muuttaneet",05.07.2009,"handrawn misc","handrawn misc"
477,"Sauvo - Sagu","sauvo","JK579",1838,1859,141,"muuttaneet",05.07.2009,"handrawn misc","handrawn misc"
477,"Sauvo - Sagu","sauvo","MKO1-4",1860,1884,118,"muuttaneet",31.03.2009,"handrawn in/out","handrawn in/out"
477,"Sauvo - Sagu","sauvo","MKO4-6",1885,1891,39,"muuttaneet",31.03.2009,"handrawn in/out","handrawn in/out"
477,"Sauvo - Sagu","sauvo","MKO7-8",1892,1898,60,"muuttaneet",31.03.2009,"print 45","print 45"
477,"Sauvo - Sagu","sauvo","MKO9-10",1898,1910,60,"muuttaneet",04.06.2013,"print 45","print 45"
477,"Sauvo - Sagu","sauvo","MKO11",1910,1916,30,"muuttaneet",10.01.2015,"print 45","print 45"
481,"Savonranta","savonranta","MKO1",1863,1865,5,"muuttaneet",25.06.2015,"free text","free text"
481,"Savonranta","savonranta","MKO2-4",1866,1879,75,"muuttaneet",25.06.2015,"free text:1-59, handrawn out/in:60-75","free text:1-59, handrawn out/in:60-75"
481,"Savonranta","savonranta","MKO5",1879,1890,18,"muuttaneet",25.06.2015,"print 3","print 3"
481,"Savonranta","savonranta","MKO5-6",1891,1900,16,"muuttaneet",25.06.2015,"print 3","print 3"
484,"Seinäjoki","seinajoki","MKO1",1864,1884,30,"muuttaneet",25.11.2008,"handrawn in/out","handrawn in/out"
484,"Seinäjoki","seinajoki","MKO2-3",1884,1900,43,"muuttaneet",25.11.2008,"handrawn in/out","handrawn in/out"
486,"Sievi","sievi","IK67",1807,1855,72,"muuttaneet",15.11.2013,"handrawn in/out:1-20, halfbook in/out:21-61, handrawn misc:62-72","handrawn in/out:1-20, halfbook in/out:21-61, handrawn misc:62-72"
486,"Sievi","sievi","MKO4",1856,1874,13,"muuttaneet",10.09.2015,"handrawn in","handrawn in"
486,"Sievi","sievi","MKO5",1856,1874,16,"muuttaneet",10.09.2015,"handrawn out","handrawn out"
486,"Sievi","sievi","MKO6",1874,1880,7,"muuttaneet",10.09.2015,"handrawn in/out","handrawn in/out"
486,"Sievi","sievi","MKO7",1881,1890,27,"muuttaneet",10.09.2015,"print 1","print 1"
486,"Sievi","sievi","MKO9",1881,1890,24,"muuttaneet",10.09.2015,"print 17","print 17"
486,"Sievi","sievi","MKO7-8",1890,1899,29,"muuttaneet",10.09.2015,"print 1:1-20, print 8:21-29","print 1:1-20, print 8:21-29"
486,"Sievi","sievi","MKO9-10",1890,1899,20,"muuttaneet",10.09.2015,"print 17","print 17"
486,"Sievi","sievi","MKO11",1899,1907,30,"muuttaneet",10.09.2015,"print 8","print 8"
487,"Siikainen","siikainen","MKO5-8",1843,1887,91,"muuttaneet",02.03.2011,"handrawn in/out","handrawn in/out"
487,"Siikainen","siikainen","MKO9-10",1888,1902,56,"muuttaneet",05.12.2010,"handrawn in/out","handrawn in/out"
487,"Siikainen","siikainen","AP",1902,1912,38,"muuttaneet",22.12.2013,"print 45","print 45"
488,"Siikajoki","siikajoki","MKO1",1862,1886,19,"muuttaneet",10.10.2007,"handrawn in","handrawn in"
488,"Siikajoki","siikajoki","MKO2",1862,1885,7,"muuttaneet",10.10.2007,"handrawn out","handrawn out"
488,"Siikajoki","siikajoki","MKO6",1885,1890,9,"muuttaneet",16.09.2015,"print 17","print 17"
488,"Siikajoki","siikajoki","MKO3",1886,1903,30,"muuttaneet",10.10.2007,"print 1","print 1"
488,"Siikajoki","siikajoki","MKO6",1891,1901,21,"muuttaneet",16.09.2015,"print 17","print 17"
490,"Siipyy - Sideby","siipyy","UK188",1828,1885,71,"muuttaneet",03.08.2010,"handrawn in/out","handrawn in/out"
490,"Siipyy - Sideby","siipyy","UK188",1886,1931,72,"muuttaneet",03.08.2010,"handrawn in/out","handrawn in/out"
491,"Simo","simo","IK203",1806,1813,4,"muuttaneet",18.11.2006,"handrawn out","handrawn out"
491,"Simo","simo","AP",1870,1908,86,"muuttaneet",07.03.2019,"handrawn misc","handrawn misc"
491,"Simo","simo","MKO3",1870,1884,23,"muuttaneet",19.06.2008,"handrawn misc","handrawn misc"
491,"Simo","simo","MKO4",1884,1907,30,"muuttaneet",19.06.2008,"handrawn in","handrawn in"
491,"Simo","simo","MKO6",1885,1907,27,"muuttaneet",19.06.2008,"handrawn out","handrawn out"
491,"Simo","simo","AP",1908,1935,137,"muuttaneet",07.03.2019,"print 16","print 16"
493,"Sipoo - Sibbo","sipoo","AP",1871,1891,93,"muuttaneet",26.04.2022,"handrawn in/out","handrawn in/out"
493,"Sipoo - Sibbo","sipoo","MKO480-482",1871,1886,64,"muuttaneet",09.01.2011,"handrawn in/out","handrawn in/out"
493,"Sipoo - Sibbo","sipoo","MKO482",1887,1891,26,"muuttaneet",09.01.2011,"handrawn in/out","handrawn in/out"
493,"Sipoo - Sibbo","sipoo","AP",1892,1907,129,"muuttaneet",26.04.2022,"print 10:1-57, print 7:58-129","print 10:1-57, print 7:58-129"
493,"Sipoo - Sibbo","sipoo","MKO483-486",1892,1907,90,"muuttaneet",09.01.2011,"print 10","print 10"
493,"Sipoo - Sibbo","sipoo","AP",1908,1919,100,"muuttaneet",26.04.2022,"print 7","print 7"
494,"Sippola","sippola","MKO566",1888,1890,21,"muuttaneet",17.06.2015,"print 3","print 3"
494,"Sippola","sippola","MKO566-568",1891,1896,58,"muuttaneet",18.06.2015,"print 3","print 3"
494,"Sippola","sippola","AP",1897,1915,200,"muuttaneet",05.06.2023,"print 10","print 10"
494,"Sippola","sippola","MKO569-572",1897,1915,93,"muuttaneet",18.06.2015,"print 10","print 10"
494,"Sippola","sippola","MKO573-575",1897,1914,88,"muuttaneet",18.06.2015,"print 7","print 7"
494,"Sippola","sippola","AP",1916,1922,36,"muuttaneet",05.06.2023,"print 15","print 15"
495,"Siuntio - Sjundeå","siuntio","AP",1806,1829,107,"muuttaneet",19.11.2010,"handrawn in/out","handrawn in/out"
495,"Siuntio - Sjundeå","siuntio","AP",1829,1869,190,"muuttaneet",19.11.2010,"handrawn misc","handrawn misc"
495,"Siuntio - Sjundeå","siuntio","AP",1870,1885,63,"muuttaneet",19.11.2010,"handrawn in/out","handrawn in/out"
495,"Siuntio - Sjundeå","siuntio","AP",1886,1908,108,"muuttaneet",19.11.2010,"handrawn in/out","handrawn in/out"
495,"Siuntio - Sjundeå","siuntio","AP_SIS",1909,1975,168,"muuttaneet",13.04.2022,"print 2","print 2"
495,"Siuntio - Sjundeå","siuntio","AP_ULOS",1909,1975,209,"muuttaneet",13.04.2022,"print 7","print 7"
496,"Skarpans","skarpans","JK762",1843,1854,33,"muuttaneet",08.12.2010,"handrawn out/in","handrawn out/in"
497,"Snappertuna","snappertuna","AP",1811,1822,37,"muuttaneet",08.10.2020,"handrawn in/out","handrawn in/out"
497,"Snappertuna","snappertuna","MKO1-2",1811,1822,34,"muuttaneet",02.01.2015,"handrawn in/out","handrawn in/out"
497,"Snappertuna","snappertuna","AP",1823,1878,144,"muuttaneet",01.03.2018,"handrawn in/out","handrawn in/out"
497,"Snappertuna","snappertuna","MKO3",1823,1832,30,"muuttaneet",02.01.2015,"handrawn in/out","handrawn in/out"
497,"Snappertuna","snappertuna","AP",1879,1893,37,"muuttaneet",01.03.2018,"handrawn in/out","handrawn in/out"
497,"Snappertuna","snappertuna","AP",1894,1901,25,"muuttaneet",01.03.2018,"handrawn in/out","handrawn in/out"
497,"Snappertuna","snappertuna","AP_SIS",1902,1922,33,"muuttaneet",08.10.2020,"print 2","print 2"
497,"Snappertuna","snappertuna","AP_ULOS",1902,1922,49,"muuttaneet",08.10.2020,"print 7 ","print 7 "
499,"Sodankylä","sodankyla","IK371",1784,1829,30,"muuttaneet",18.01.2008,"handrawn misc","handrawn misc"
499,"Sodankylä","sodankyla","MKO1",1891,1907,30,"muuttaneet",30.01.2008,"print 1","print 1"
499,"Sodankylä","sodankyla","MKO2",1908,1915,30,"muuttaneet",22.01.2016,"print 1","print 1"
500,"Soini","soini","UK327",1795,1841,29,"muuttaneet",26.04.2010,"handrawn in/out:1-10, halfbook misc:11-21, handrawn in/out:22-29","handrawn in/out:1-10, halfbook misc:11-21, handrawn in/out:22-29"
500,"Soini","soini","UK327",1841,1859,47,"muuttaneet",26.04.2010,"handrawn in/out","handrawn in/out"
500,"Soini","soini","AP",1859,1886,22,"muuttaneet",25.04.2010,"handrawn in/out","handrawn in/out"
500,"Soini","soini","UK327",1859,1886,26,"muuttaneet",26.04.2010,"handrawn in/out","handrawn in/out"
500,"Soini","soini","AP",1886,1909,59,"muuttaneet",25.04.2010,"handrawn in/out","handrawn in/out"
500,"Soini","soini","UK327",1886,1909,61,"muuttaneet",26.04.2010,"handrawn in/out","handrawn in/out"
501,"Somerniemi","somerniemi","AP",1811,1891,103,"muuttaneet",01.03.2024,"handrawn misc","handrawn misc"
501,"Somerniemi","somerniemi","JK248",1811,1884,94,"muuttaneet",31.03.2009,"handrawn misc","handrawn misc"
501,"Somerniemi","somerniemi","JK248",1885,1891,10,"muuttaneet",31.03.2009,"handrawn in/out","handrawn in/out"
501,"Somerniemi","somerniemi","AP",1892,1922,64,"muuttaneet",01.03.2024,"print 45","print 45"
501,"Somerniemi","somerniemi","MKO5-6",1892,1910,38,"muuttaneet",17.07.2011,"print 45","print 45"
502,"Somero","somero","JK238",1805,1842,162,"muuttaneet",01.01.2010,"handrawn misc","handrawn misc"
502,"Somero","somero","JK238",1843,1885,165,"muuttaneet",01.01.2010,"handrawn misc","handrawn misc"
502,"Somero","somero","JK238",1886,1891,25,"muuttaneet",01.01.2010,"handrawn in/out","handrawn in/out"
502,"Somero","somero","AP",1892,1922,231,"muuttaneet",06.03.2024,"print 45","print 45"
502,"Somero","somero","MKO9-13",1892,1910,139,"muuttaneet",17.07.2011,"print 45","print 45"
503,"Sonkajärvi","sonkajarvi","MKO1-2",1855,1895,37,"muuttaneet",19.04.2014,"handrawn misc","handrawn misc"
503,"Sonkajärvi","sonkajarvi","MKO3",1895,1908,30,"muuttaneet",19.04.2014,"print 8","print 8"
508,"Sotkamo","sotkamo","IK101",1843,1880,127,"muuttaneet",19.04.2008,"halfbook misc","halfbook misc"
508,"Sotkamo","sotkamo","AP_SIS",1880,1925,60,"muuttaneet",03.11.2022,"print 1","print 1"
508,"Sotkamo","sotkamo","AP_ULOS",1880,1922,63,"muuttaneet",03.11.2022,"print 17","print 17"
508,"Sotkamo","sotkamo","MKO11",1880,1884,13,"muuttaneet",27.02.2009,"print 17","print 17"
508,"Sotkamo","sotkamo","MKO6",1880,1884,12,"muuttaneet",27.02.2009,"print 1","print 1"
508,"Sotkamo","sotkamo","MKO11-16",1885,1909,123,"muuttaneet",27.02.2009,"print 17","print 17"
508,"Sotkamo","sotkamo","MKO6-9",1885,1910,71,"muuttaneet",27.02.2009,"print 1","print 1"
508,"Sotkamo","sotkamo","AP",1909,1913,27,"muuttaneet",21.10.2014,"print 17","print 17"
508,"Sotkamo","sotkamo","AP",1911,1913,13,"muuttaneet",21.10.2014,"print 1","print 1"
511,"Sulkava","sulkava","TK1246",1749,1858,107,"muuttaneet",11.08.2010,"free text:1-13, handrawn misc:14-107","free text:1-13, handrawn misc:14-107"
511,"Sulkava","sulkava","MKO1-2",1860,1886,27,"muuttaneet",11.08.2010,"handrawn out","handrawn out"
511,"Sulkava","sulkava","MKO3-4",1860,1886,29,"muuttaneet",11.08.2010,"handrawn in","handrawn in"
511,"Sulkava","sulkava","MKO2",1886,1888,5,"muuttaneet",11.08.2010,"handrawn","handrawn"
511,"Sulkava","sulkava","MKO4",1886,1888,3,"muuttaneet",11.08.2010,"handrawn","handrawn"
511,"Sulkava","sulkava","MKO5-7",1889,1905,70,"muuttaneet",11.08.2010,"print 3","print 3"
512,"Sulva - Solf","sulva","MKO101",1841,1846,6,"muuttaneet",09.07.2015,"handrawn in/out","handrawn in/out"
512,"Sulva - Solf","sulva","MKO1-4",1847,1890,99,"muuttaneet",09.07.2015,"handrawn in/out","handrawn in/out"
512,"Sulva - Solf","sulva","MKO4",1891,1899,21,"muuttaneet",09.07.2015,"handrawn in/out","handrawn in/out"
513,"Sumiainen","sumiainen","AP",1842,1864,118,"muuttaneet",13.07.2016,"free text","free text"
513,"Sumiainen","sumiainen","UK605",1847,1864,127,"muuttaneet",11.03.2007,"free text","free text"
513,"Sumiainen","sumiainen","AP",1865,1876,42,"muuttaneet",18.07.2016,"free text","free text"
513,"Sumiainen","sumiainen","MKO5-6",1865,1876,41,"muuttaneet",20.03.2007,"free text","free text"
513,"Sumiainen","sumiainen","AP",1871,1891,29,"muuttaneet",28.05.2016,"handrawn misc:1-11, print 3:12-29","handrawn misc:1-11, print 3:12-29"
513,"Sumiainen","sumiainen","MKO7-8",1871,1907,59,"muuttaneet",20.03.2007,"handrawn misc:1-11, print 3:12-59","handrawn misc:1-11, print 3:12-59"
513,"Sumiainen","sumiainen","AP",1892,1907,29,"muuttaneet",28.05.2016,"print 3","print 3"
513,"Sumiainen","sumiainen","AP",1908,1920,24,"muuttaneet",10.05.2022,"print 2","print 2"
514,"Sund","sund","JK762",1803,1828,64,"muuttaneet",08.12.2010,"handrawn misc","handrawn misc"
514,"Sund","sund","JK762",1830,1850,33,"muuttaneet",09.12.2010,"handrawn out/in","handrawn out/in"
514,"Sund","sund","JK762",1851,1885,50,"muuttaneet",09.12.2010,"handrawn misc","handrawn misc"
514,"Sund","sund","JK762",1886,1890,6,"muuttaneet",09.12.2010,"handrawn in/out","handrawn in/out"
515,"Suodenniemi","suodenniemi","AP",1809,1829,25,"muuttaneet",17.04.2018,"handrawn misc","handrawn misc"
515,"Suodenniemi","suodenniemi","AP",1843,1890,68,"muuttaneet",17.04.2018,"handrawn in/out","handrawn in/out"
515,"Suodenniemi","suodenniemi","MKO218-220",1843,1890,64,"muuttaneet",10.07.2015,"handrawn in/out","handrawn in/out"
515,"Suodenniemi","suodenniemi","AP",1891,1912,173,"muuttaneet",19.06.2014,"print 45","print 45"
515,"Suodenniemi","suodenniemi","MKO221",1891,1903,30,"muuttaneet",10.07.2015,"print 45","print 45"
712,"Suomen kaarti - Finska gardet","suomen_kaarti","ES161",1812,1834,55,"muuttaneet",13.01.2010,"handrawn:1-3, free text:4-55","handrawn:1-3, free text:4-55"
712,"Suomen kaarti - Finska gardet","suomen_kaarti","ES162",1812,1814,13,"muuttaneet",13.01.2010,"handrawn","handrawn"
712,"Suomen kaarti - Finska gardet","suomen_kaarti","ES162",1829,1834,16,"muuttaneet",28.02.2010,"handrawn misc","handrawn misc"
712,"Suomen kaarti - Finska gardet","suomen_kaarti","OS371",1856,1859,24,"muuttaneet",09.12.2010,"handrawn:1-19, print 34:20-24","handrawn:1-19, print 34:20-24"
712,"Suomen kaarti - Finska gardet","suomen_kaarti","OS371",1863,1886,20,"muuttaneet",09.12.2010,"handrawn in","handrawn in"
712,"Suomen kaarti - Finska gardet","suomen_kaarti","OS375",1863,1865,119,"muuttaneet",09.12.2010,"wrong","wrong"
712,"Suomen kaarti - Finska gardet","suomen_kaarti","OS371-372",1864,1867,297,"muuttaneet",09.12.2010,"wrong","wrong"
712,"Suomen kaarti - Finska gardet","suomen_kaarti","OS372",1867,1875,410,"muuttaneet",09.12.2010,"wrong","wrong"
712,"Suomen kaarti - Finska gardet","suomen_kaarti","OS372-373",1875,1883,497,"muuttaneet",09.12.2010,"wrong","wrong"
712,"Suomen kaarti - Finska gardet","suomen_kaarti","OS373-374",1883,1886,344,"muuttaneet",09.12.2010,"wrong","wrong"
712,"Suomen kaarti - Finska gardet","suomen_kaarti","OS371",1886,1897,6,"muuttaneet",09.12.2010,"handrawn in","handrawn in"
712,"Suomen kaarti - Finska gardet","suomen_kaarti","OS374-375",1886,1905,542,"muuttaneet",09.12.2010,"wrong","wrong"
712,"Suomen kaarti - Finska gardet","suomen_kaarti","OS371",1901,1901,3,"muuttaneet",09.12.2010,"handrawn","handrawn"
712,"Suomen kaarti - Finska gardet","suomen_kaarti","OS375",1905,1914,48,"muuttaneet",09.12.2010,"wrong","wrong"
713,"Suomen tarkk'ampujapataljoona - Finska skarpskyttebataljonen","suomen_tarkkampujapataljoona","TK21-22",1846,1860,81,"muuttaneet",09.12.2010,"handrawn in","handrawn in"
713,"Suomen tarkk'ampujapataljoona - Finska skarpskyttebataljonen","suomen_tarkkampujapataljoona","TK22",1847,1860,112,"muuttaneet",09.12.2010,"halfbook:1-31, handrawn out:32-112","halfbook:1-31, handrawn out:32-112"
713,"Suomen tarkk'ampujapataljoona - Finska skarpskyttebataljonen","suomen_tarkkampujapataljoona","TK22",1854,1856,20,"muuttaneet",09.12.2010,"handrawn in","handrawn in"
713,"Suomen tarkk'ampujapataljoona - Finska skarpskyttebataljonen","suomen_tarkkampujapataljoona","TK22",1855,1856,5,"muuttaneet",09.12.2010,"handrawn out","handrawn out"
519,"Suomenniemi","suomenniemi","MKO2",1871,1885,24,"muuttaneet",17.10.2009,"free text","free text"
519,"Suomenniemi","suomenniemi","MKO2",1885,1890,6,"muuttaneet",17.10.2009,"free text","free text"
520,"Suomusjärvi","suomusjarvi","JK1025",1786,1790,8,"muuttaneet",15.01.2009,"handrawn out/in","handrawn out/in"
520,"Suomusjärvi","suomusjarvi","JK1028",1834,1884,88,"muuttaneet",15.01.2009,"handrawn in/out","handrawn in/out"
520,"Suomusjärvi","suomusjarvi","JK1028",1885,1889,7,"muuttaneet",15.01.2009,"handrawn in/out","handrawn in/out"
520,"Suomusjärvi","suomusjarvi","MKO4",1890,1907,30,"muuttaneet",19.08.2010,"print 45","print 45"
520,"Suomusjärvi","suomusjarvi","AP",1907,1947,117,"muuttaneet",16.01.2018,"print 45","print 45"
521,"Suomussalmi","suomussalmi","OS92",1853,1880,46,"muuttaneet",18.09.2007,"handrawn out","handrawn out"
521,"Suomussalmi","suomussalmi","OS92",1853,1878,23,"muuttaneet",18.09.2007,"handrawn in","handrawn in"
521,"Suomussalmi","suomussalmi","AP_S",1880,1889,12,"muuttaneet",21.12.2013,"print 1","print 1"
521,"Suomussalmi","suomussalmi","AP_SIS",1880,1921,57,"muuttaneet",03.11.2022,"print 1","print 1"
521,"Suomussalmi","suomussalmi","AP_U",1881,1889,27,"muuttaneet",21.12.2013,"print 17","print 17"
521,"Suomussalmi","suomussalmi","AP_ULOS",1881,1921,119,"muuttaneet",03.11.2022,"print 17","print 17"
521,"Suomussalmi","suomussalmi","AP_S",1890,1913,31,"muuttaneet",21.12.2013,"print 1","print 1"
521,"Suomussalmi","suomussalmi","AP_U",1890,1913,72,"muuttaneet",21.12.2013,"print 17","print 17"
522,"Suonenjoki","suonenjoki","TK1301",1794,1839,91,"muuttaneet",21.04.2007,"free text misc","free text misc"
522,"Suonenjoki","suonenjoki","TK1301",1840,1853,204,"muuttaneet",23.08.2006,"halfbook misc","halfbook misc"
522,"Suonenjoki","suonenjoki","MKO737-741",1854,1882,37,"muuttaneet",23.03.2006,"handrawn in","handrawn in"
522,"Suonenjoki","suonenjoki","MKO738-744",1854,1882,93,"muuttaneet",24.03.2006,"halfbook out:1-65, handrawn out:66-93","halfbook out:1-65, handrawn out:66-93"
522,"Suonenjoki","suonenjoki","MKO741-742",1880,1892,48,"muuttaneet",07.11.2017,"handrawn in","handrawn in"
522,"Suonenjoki","suonenjoki","MKO744-745",1880,1892,57,"muuttaneet",07.11.2017,"handrawn out","handrawn out"
522,"Suonenjoki","suonenjoki","MKO745-746",1892,1898,32,"muuttaneet",07.11.2017,"handrawn out","handrawn out"
522,"Suonenjoki","suonenjoki","MKO742-743",1893,1898,23,"muuttaneet",07.11.2017,"handrawn in","handrawn in"
523,"Suoniemi","suoniemi","JK980",1812,1833,18,"muuttaneet",20.10.2014,"halfbook","halfbook"
523,"Suoniemi","suoniemi","JK980",1825,1887,83,"muuttaneet",27.03.2012,"handrawn in/out","handrawn in/out"
523,"Suoniemi","suoniemi","JK980",1887,1891,7,"muuttaneet",27.03.2012,"handrawn in/out","handrawn in/out"
523,"Suoniemi","suoniemi","AP",1890,1916,56,"muuttaneet",08.01.2017,"print 45","print 45"
524,"Suursaari - Hogland","suursaari","MKO59",1884,1889,7,"muuttaneet",31.05.2016,"print 3","print 3"
526,"Sysmä","sysma","AP",1832,1855,147,"muuttaneet",31.01.2024,"halfbook misc","halfbook misc"
526,"Sysmä","sysma","AP",1856,1904,256,"muuttaneet",31.01.2024,"free text:1-202, handrawn in:203-256","free text:1-202, handrawn in:203-256"
526,"Sysmä","sysma","MKO746-747",1856,1887,57,"muuttaneet",13.11.2011,"free text in:1-36, handrawn in:37-57","free text in:1-36, handrawn in:37-57"
526,"Sysmä","sysma","AP_ULOS",1883,1904,164,"muuttaneet",31.01.2024,"free text:1-119, handrawn:120-164","free text:1-119, handrawn:120-164"
526,"Sysmä","sysma","MKO762-763",1883,1887,33,"muuttaneet",10.12.2011,"free text","free text"
526,"Sysmä","sysma","MKO747-748",1887,1904,29,"muuttaneet",13.11.2011,"handrawn","handrawn"
526,"Sysmä","sysma","MKO763-766",1887,1903,117,"muuttaneet",10.12.2011,"free text:1-81, handrawn:82-117","free text:1-81, handrawn:82-117"
526,"Sysmä","sysma","AP",1905,1922,244,"muuttaneet",31.01.2024,"print 16","print 16"
528,"Säkylä","sakyla","AP",1800,1859,92,"muuttaneet",28.05.2016,"halfbook misc:1-47, handrawn in/out:48-71, halfbook:72-78, handrawn:79-92","halfbook misc:1-47, handrawn in/out:48-71, halfbook:72-78, handrawn:79-92"
528,"Säkylä","sakyla","JK433",1800,1859,77,"muuttaneet",05.12.2010,"halfbook misc:1-54, handrawn in/out:55-77","halfbook misc:1-54, handrawn in/out:55-77"
528,"Säkylä","sakyla","AP",1859,1887,49,"muuttaneet",06.08.2013,"handrawn misc","handrawn misc"
528,"Säkylä","sakyla","MKO60-61",1860,1885,33,"muuttaneet",05.12.2010,"handrawn in/out","handrawn in/out"
528,"Säkylä","sakyla","MKO61-62",1886,1903,42,"muuttaneet",05.12.2010,"handrawn in/out","handrawn in/out"
528,"Säkylä","sakyla","AP",1887,1903,41,"muuttaneet",06.08.2013,"handrawn in/out","handrawn in/out"
528,"Säkylä","sakyla","AP",1904,1912,76,"muuttaneet",06.08.2013,"print 45","print 45"
41,"Särkisalo - Finby","sarkisalo","MKO1",1865,1884,32,"muuttaneet",26.03.2009,"handrawn in/out","handrawn in/out"
41,"Särkisalo - Finby","sarkisalo","MKO2",1884,1890,11,"muuttaneet",26.03.2009,"handrawn in/out","handrawn in/out"
41,"Särkisalo - Finby","sarkisalo","MKO3",1891,1903,30,"muuttaneet",26.03.2009,"print 45","print 45"
41,"Särkisalo - Finby","sarkisalo","MKO3-4",1891,1910,60,"muuttaneet",24.05.2014,"print 45","print 45"
41,"Särkisalo - Finby","sarkisalo","AP",1911,1931,83,"muuttaneet",15.01.2018,"print 45","print 45"
529,"Säräisniemi","saraisniemi","MKO325",1859,1869,10,"muuttaneet",04.10.2008,"handrawn out/in","handrawn out/in"
529,"Säräisniemi","saraisniemi","MKO326-327",1869,1884,35,"muuttaneet",04.10.2008,"halfbook out:1-25, handrawn out:26-35","halfbook out:1-25, handrawn out:26-35"
529,"Säräisniemi","saraisniemi","MKO328",1869,1884,13,"muuttaneet",04.10.2008,"handrawn in","handrawn in"
529,"Säräisniemi","saraisniemi","AP_S",1884,1889,12,"muuttaneet",21.10.2014,"print 1","print 1"
529,"Säräisniemi","saraisniemi","AP_U",1884,1889,15,"muuttaneet",21.10.2014,"print 17","print 17"
529,"Säräisniemi","saraisniemi","MKO329-330",1884,1908,43,"muuttaneet",04.10.2008,"print 1","print 1"
529,"Säräisniemi","saraisniemi","MKO331-332",1884,1905,60,"muuttaneet",04.10.2008,"print 17","print 17"
529,"Säräisniemi","saraisniemi","AP_S",1890,1909,33,"muuttaneet",21.10.2014,"print 1","print 1"
529,"Säräisniemi","saraisniemi","AP_U",1890,1913,68,"muuttaneet",21.10.2014,"print 17","print 17"
529,"Säräisniemi","saraisniemi","AP_S",1909,1913,9,"muuttaneet",21.10.2014,"print 16","print 16"
533,"Sääksmäki","saaksmaki","TK399",1805,1835,67,"muuttaneet",12.07.2010,"handrawn in/out","handrawn in/out"
533,"Sääksmäki","saaksmaki","TK399",1835,1848,97,"muuttaneet",12.07.2010,"handrawn in/out","handrawn in/out"
533,"Sääksmäki","saaksmaki","TK399",1849,1868,190,"muuttaneet",12.07.2010,"halfbook:1-138, handrawn in/out:139-190","halfbook:1-138, handrawn in/out:139-190"
533,"Sääksmäki","saaksmaki","MKO426-428",1869,1885,62,"muuttaneet",12.07.2010,"handrawn misc","handrawn misc"
533,"Sääksmäki","saaksmaki","MKO428-431",1886,1898,107,"muuttaneet",12.07.2010,"handrawn in/out","handrawn in/out"
533,"Sääksmäki","saaksmaki","AP",1899,1920,246,"muuttaneet",03.05.2022,"print 31","print 31"
533,"Sääksmäki","saaksmaki","MKO432-436",1899,1910,137,"muuttaneet",12.07.2010,"print 31","print 31"
534,"Sääminki","saaminki","MKO1-3",1871,1882,53,"muuttaneet",19.01.2006,"handrawn in/out:1-42, print 3:43-53","handrawn in/out:1-42, print 3:43-53"
534,"Sääminki","saaminki","MKO3-5",1880,1898,91,"muuttaneet",04.11.2008,"print 3","print 3"
534,"Sääminki","saaminki","MKO6-7",1898,1904,48,"muuttaneet",05.03.2007,"print 3","print 3"
535,"Taipalsaari","taipalsaari","TK937-938",1807,1826,36,"muuttaneet",07.03.2010,"free text","free text"
535,"Taipalsaari","taipalsaari","TK938",1826,1843,77,"muuttaneet",07.03.2010,"halfbook out/in:1-24, handrawn out:25-34, halfbook out:35-77","halfbook out/in:1-24, handrawn out:25-34, halfbook out:35-77"
535,"Taipalsaari","taipalsaari","TK938",1841,1879,22,"muuttaneet",03.07.2011,"handrawn misc","handrawn misc"
535,"Taipalsaari","taipalsaari","TK938",1843,1846,51,"muuttaneet",07.03.2010,"halfbook out","halfbook out"
535,"Taipalsaari","taipalsaari","TK938",1846,1854,176,"muuttaneet",07.03.2010,"halfbook out","halfbook out"
535,"Taipalsaari","taipalsaari","TK938",1854,1874,235,"muuttaneet",07.03.2010,"halfbook out","halfbook out"
535,"Taipalsaari","taipalsaari","MKO1",1880,1886,9,"muuttaneet",12.07.2011,"print 3","print 3"
535,"Taipalsaari","taipalsaari","TK938",1884,1893,119,"muuttaneet",03.07.2011,"free text","free text"
535,"Taipalsaari","taipalsaari","MKO1-3",1887,1914,81,"muuttaneet",17.09.2013,"print 3","print 3"
536,"Taivalkoski","taivalkoski","MKO1",1875,1881,11,"muuttaneet",10.06.2008,"handrawn misc","handrawn misc"
536,"Taivalkoski","taivalkoski","MKO2",1880,1883,8,"muuttaneet",10.06.2008,"print 1","print 1"
536,"Taivalkoski","taivalkoski","MKO4",1880,1883,7,"muuttaneet",10.06.2008,"print 17","print 17"
536,"Taivalkoski","taivalkoski","MKO2-3",1884,1907,42,"muuttaneet",10.06.2008,"print 1","print 1"
536,"Taivalkoski","taivalkoski","MKO4-5",1884,1908,40,"muuttaneet",10.06.2008,"print 17","print 17"
537,"Taivassalo - Tövsala","taivassalo","AP",1805,1806,5,"muuttaneet",23.02.2016,"halfbook","halfbook"
537,"Taivassalo - Tövsala","taivassalo","AP",1806,1828,75,"muuttaneet",26.01.2015,"handrawn in/out","handrawn in/out"
537,"Taivassalo - Tövsala","taivassalo","AP",1829,1867,101,"muuttaneet",23.02.2016,"handrawn in/out","handrawn in/out"
537,"Taivassalo - Tövsala","taivassalo","AP",1868,1911,110,"muuttaneet",29.02.2024,"handrawn in/out","handrawn in/out"
537,"Taivassalo - Tövsala","taivassalo","MKO399-400",1868,1887,45,"muuttaneet",01.05.2012,"handrawn in/out","handrawn in/out"
537,"Taivassalo - Tövsala","taivassalo","MKO400-401",1888,1903,45,"muuttaneet",01.05.2012,"handrawn in/out","handrawn in/out"
537,"Taivassalo - Tövsala","taivassalo","AP",1911,1922,27,"muuttaneet",29.02.2024,"print 45","print 45"
538,"Tammela","tammela","AP",1805,1819,53,"muuttaneet",22.01.2018,"handrawn in/out","handrawn in/out"
538,"Tammela","tammela","AP",1820,1845,98,"muuttaneet",22.01.2018,"handrawn in/out","handrawn in/out"
538,"Tammela","tammela","AP",1846,1855,94,"muuttaneet",22.01.2018,"handrawn in/out:1-63, empty:64-94","handrawn in/out:1-63, empty:64-94"
538,"Tammela","tammela","MKO848-850",1846,1855,65,"muuttaneet",10.07.2010,"handrawn in/out","handrawn in/out"
538,"Tammela","tammela","MKO851-854",1856,1878,104,"muuttaneet",10.07.2010,"handrawn in","handrawn in"
538,"Tammela","tammela","MKO876-879",1856,1878,96,"muuttaneet",10.07.2010,"handrawn out","handrawn out"
538,"Tammela","tammela","AP",1878,1878,7,"muuttaneet",11.12.2010,"handrawn in","handrawn in"
538,"Tammela","tammela","MKO855",1879,1879,6,"muuttaneet",10.07.2010,"handrawn in/out","handrawn in/out"
538,"Tammela","tammela","MKO856",1880,1885,21,"muuttaneet",10.07.2010,"handrawn in","handrawn in"
538,"Tammela","tammela","MKO879_1",1880,1885,19,"muuttaneet",10.07.2010,"handrawn out","handrawn out"
538,"Tammela","tammela","MKO856-857",1886,1897,33,"muuttaneet",10.07.2010,"handrawn in","handrawn in"
538,"Tammela","tammela","MKO879_1-879_2",1886,1897,36,"muuttaneet",10.07.2010,"handrawn out","handrawn out"
538,"Tammela","tammela","MKO858",1897,1905,30,"muuttaneet",10.07.2010,"print 10","print 10"
538,"Tammela","tammela","MKO880",1897,1903,30,"muuttaneet",10.07.2010,"print 7","print 7"
28,"Tammisaari - Ekenäs","tammisaari","AP",1813,1850,191,"muuttaneet",07.10.2020,"handrawn in/out","handrawn in/out"
28,"Tammisaari - Ekenäs","tammisaari","KK86",1813,1850,191,"muuttaneet",14.04.2010,"handrawn in/out","handrawn in/out"
28,"Tammisaari - Ekenäs","tammisaari","AP",1851,1897,232,"muuttaneet",07.10.2020,"handrawn in/out","handrawn in/out"
28,"Tammisaari - Ekenäs","tammisaari","KK86",1851,1897,234,"muuttaneet",14.04.2010,"handrawn in/out","handrawn in/out"
28,"Tammisaari - Ekenäs","tammisaari","AP_SIS",1898,1922,126,"muuttaneet",01.03.2018,"print 10","print 10"
28,"Tammisaari - Ekenäs","tammisaari","AP_ULOS",1898,1922,123,"muuttaneet",01.03.2018,"print 7","print 7"
28,"Tammisaari - Ekenäs","tammisaari","MKO395",1898,1903,30,"muuttaneet",10.12.2014,"print 10","print 10"
28,"Tammisaari - Ekenäs","tammisaari","MKO431",1898,1903,30,"muuttaneet",10.12.2014,"print 7","print 7"
543,"Tampereen tuomiokirkkoseurakunta - Tammerfors domkyrkoförsamling","tampereen_tuomiokirkkoseurakunta","AP",1812,1840,135,"muuttaneet",21.03.2019,"handrawn out:1-17, handrawn in/out:24-135","handrawn out:1-17, handrawn in/out:24-135"
543,"Tampereen tuomiokirkkoseurakunta - Tammerfors domkyrkoförsamling","tampereen_tuomiokirkkoseurakunta","TK636",1812,1840,121,"muuttaneet",24.02.2012,"handrawn in/out","handrawn in/out"
543,"Tampereen tuomiokirkkoseurakunta - Tammerfors domkyrkoförsamling","tampereen_tuomiokirkkoseurakunta","AP",1841,1857,144,"muuttaneet",21.03.2019,"handrawn in/out","handrawn in/out"
543,"Tampereen tuomiokirkkoseurakunta - Tammerfors domkyrkoförsamling","tampereen_tuomiokirkkoseurakunta","TK636",1841,1857,148,"muuttaneet",24.02.2012,"handrawn in/out","handrawn in/out"
543,"Tampereen tuomiokirkkoseurakunta - Tammerfors domkyrkoförsamling","tampereen_tuomiokirkkoseurakunta","AP",1858,1875,224,"muuttaneet",21.03.2019,"handrawn in/out","handrawn in/out"
543,"Tampereen tuomiokirkkoseurakunta - Tammerfors domkyrkoförsamling","tampereen_tuomiokirkkoseurakunta","MKO15-22",1858,1875,240,"muuttaneet",10.02.2008,"handrawn in/out","handrawn in/out"
543,"Tampereen tuomiokirkkoseurakunta - Tammerfors domkyrkoförsamling","tampereen_tuomiokirkkoseurakunta","AP",1876,1889,222,"muuttaneet",24.03.2021,"print 29","print 29"
543,"Tampereen tuomiokirkkoseurakunta - Tammerfors domkyrkoförsamling","tampereen_tuomiokirkkoseurakunta","MKO23-27",1876,1883,123,"muuttaneet",10.02.2008,"print 29","print 29"
543,"Tampereen tuomiokirkkoseurakunta - Tammerfors domkyrkoförsamling","tampereen_tuomiokirkkoseurakunta","MKO27-30",1884,1889,101,"muuttaneet",10.02.2008,"Print 29","print 29"
543,"Tampereen tuomiokirkkoseurakunta - Tammerfors domkyrkoförsamling","tampereen_tuomiokirkkoseurakunta","AP",1890,1897,255,"muuttaneet",24.03.2021,"Print 28","print 28"
543,"Tampereen tuomiokirkkoseurakunta - Tammerfors domkyrkoförsamling","tampereen_tuomiokirkkoseurakunta","MKO31-39",1890,1897,253,"muuttaneet",10.02.2008,"Print 28","print 28"
543,"Tampereen tuomiokirkkoseurakunta - Tammerfors domkyrkoförsamling","tampereen_tuomiokirkkoseurakunta","AP",1898,1903,340,"muuttaneet",24.03.2021,"Print 28","print 28"
543,"Tampereen tuomiokirkkoseurakunta - Tammerfors domkyrkoförsamling","tampereen_tuomiokirkkoseurakunta","MKO40-50",1898,1903,344,"muuttaneet",10.02.2008,"Print 28","print 28"
543,"Tampereen tuomiokirkkoseurakunta - Tammerfors domkyrkoförsamling","tampereen_tuomiokirkkoseurakunta","AP",1904,1915,543,"muuttaneet",24.03.2021,"Print 27","print 27"
543,"Tampereen tuomiokirkkoseurakunta - Tammerfors domkyrkoförsamling","tampereen_tuomiokirkkoseurakunta","AP",1916,1917,93,"muuttaneet",24.03.2021,"Print 27","print 27"
37,"Tarvasjoki","tarvasjoki","AP",1805,1834,85,"muuttaneet",10.02.2016,"handrawn in/out","handrawn in/out"
37,"Tarvasjoki","tarvasjoki","MKO1-3",1835,1881,81,"muuttaneet",26.10.2012,"handrawn in/out","handrawn in/out"
37,"Tarvasjoki","tarvasjoki","MKO4",1882,1887,20,"muuttaneet",26.10.2012,"handrawn in/out","handrawn in/out"
37,"Tarvasjoki","tarvasjoki","MKO4-6",1888,1903,51,"muuttaneet",26.10.2012,"handrawn in/out","handrawn in/out"
37,"Tarvasjoki","tarvasjoki","MKO7",1904,1915,30,"muuttaneet",24.05.2017,"print 45","print 45"
550,"Teerijärvi - Terjärv","teerijarvi","AP",1805,1850,42,"muuttaneet",03.05.2021,"handrawn in/out","handrawn in/out"
550,"Teerijärvi - Terjärv","teerijarvi","AP",1851,1889,49,"muuttaneet",03.05.2021,"handrawn in/out","handrawn in/out"
550,"Teerijärvi - Terjärv","teerijarvi","AP",1890,1935,131,"muuttaneet",03.05.2021,"print 3","print 3"
550,"Teerijärvi - Terjärv","teerijarvi","AP_SIS",1936,1962,22,"muuttaneet",03.05.2021,"wrong","wrong"
550,"Teerijärvi - Terjärv","teerijarvi","AP_ULOS",1936,1962,33,"muuttaneet",03.05.2021,"wrong","wrong"
545,"Teijon tehdas - Tykö bruk","teijon_tehdas","AP",1806,1820,17,"muuttaneet",23.05.2012,"handrawn in/out","handrawn in/out"
545,"Teijon tehdas - Tykö bruk","teijon_tehdas","JK870",1806,1869,72,"muuttaneet",01.10.2011,"handrawn misc","handrawn misc"
545,"Teijon tehdas - Tykö bruk","teijon_tehdas","AP",1842,1869,53,"muuttaneet",17.02.2021,"handrawn out/in","handrawn out/in"
546,"Teisko","teisko","TK194",1811,1845,67,"muuttaneet",20.12.2008,"handrawn in/out","handrawn in/out"
546,"Teisko","teisko","TK194",1841,1870,40,"muuttaneet",20.12.2008,"halfbook out","halfbook out"
546,"Teisko","teisko","MKO5",1846,1869,23,"muuttaneet",30.03.2009,"handrawn in/out","handrawn in/out"
546,"Teisko","teisko","TK194",1846,1880,123,"muuttaneet",20.12.2008,"handrawn in/out","handrawn in/out"
546,"Teisko","teisko","AP",1881,1904,63,"muuttaneet",22.03.2021,"handrawn in/out","handrawn in/out"
546,"Teisko","teisko","MKO6",1881,1884,6,"muuttaneet",30.03.2009,"handrawn in/out","handrawn in/out"
546,"Teisko","teisko","MKO6-7",1885,1904,51,"muuttaneet",30.03.2009,"handrawn in/out","handrawn in/out"
546,"Teisko","teisko","AP",1905,1917,67,"muuttaneet",22.03.2021,"print 2","print 2"
547,"Temmes","temmes","MKO1",1880,1891,15,"muuttaneet",03.06.2016,"print 16","print 16"
547,"Temmes","temmes","MKO1",1891,1898,15,"muuttaneet",03.06.2016,"print 16","print 16"
548,"Tenhola - Tenala","tenhola","KK72",1805,1857,243,"muuttaneet",15.04.2010,"handrawn out/in","handrawn out/in"
548,"Tenhola - Tenala","tenhola","AP",1858,1913,176,"muuttaneet",26.08.2019,"handrawn in/out","handrawn in/out"
548,"Tenhola - Tenala","tenhola","MKO1-3",1858,1889,81,"muuttaneet",24.05.2014,"handrawn in/out","handrawn in/out"
548,"Tenhola - Tenala","tenhola","MKO3-5",1890,1907,69,"muuttaneet",24.05.2014,"handrawn in/out","handrawn in/out"
548,"Tenhola - Tenala","tenhola","AP",1914,1922,36,"muuttaneet",26.08.2019,"handrawn in/out","handrawn in/out"
552,"Tervola","tervola","IK227-228",1806,1878,302,"muuttaneet",24.01.2008,"handrawn misc","handrawn misc"
553,"Teuva - Östermark","teuva","AP",1821,1882,134,"muuttaneet",02.10.2015,"halfbook misc:1-114, handrawn in/out:115-134","halfbook misc:1-114, handrawn in/out:115-134"
553,"Teuva - Östermark","teuva","UK194-195",1821,1882,144,"muuttaneet",26.08.2009,"halfbook misc:1-123, handrawn in/out:124-144","halfbook misc:1-123, handrawn in/out:124-144"
553,"Teuva - Östermark","teuva","AP",1883,1890,23,"muuttaneet",28.02.2015,"handrawn out","handrawn out"
553,"Teuva - Östermark","teuva","AP",1890,1900,60,"muuttaneet",28.02.2015,"handrawn misc","handrawn misc"
553,"Teuva - Östermark","teuva","AP",1901,1913,82,"muuttaneet",28.02.2015,"print 45","print 45"
554,"Tohmajärvi","tohmajarvi","MKO581",1831,1861,19,"muuttaneet",01.12.2010,"handrawn in","handrawn in"
554,"Tohmajärvi","tohmajarvi","MKO582",1831,1860,16,"muuttaneet",01.12.2010,"handrawn out","handrawn out"
554,"Tohmajärvi","tohmajarvi","MKO583-584",1861,1880,31,"muuttaneet",08.08.2010,"handrawn","handrawn"
554,"Tohmajärvi","tohmajarvi","MKO585",1881,1885,11,"muuttaneet",08.08.2010,"print 1","print 1"
554,"Tohmajärvi","tohmajarvi","MKO593",1881,1885,13,"muuttaneet",08.08.2010,"print 17","print 17"
554,"Tohmajärvi","tohmajarvi","MKO585-587",1886,1899,79,"muuttaneet",08.08.2010,"print 1","print 1"
554,"Tohmajärvi","tohmajarvi","MKO593-595",1886,1900,77,"muuttaneet",08.08.2010,"print 17","print 17"
555,"Toholampi","toholampi","MKO275-277",1842,1889,77,"muuttaneet",09.09.2014,"halfbook in/out:1-26, handrawn in/out:27-77","halfbook in/out:1-26, handrawn in/out:27-77"
555,"Toholampi","toholampi","MKO277",1889,1891,4,"muuttaneet",09.09.2014,"handrawn","handrawn"
557,"Toivakka","toivakka","AP",1890,1914,44,"muuttaneet",14.07.2015,"print 10","print 10"
558,"Tornio - Torneå","tornio","IK212",1814,1823,37,"muuttaneet",20.03.2007,"handrawn in/out","handrawn in/out"
558,"Tornio - Torneå","tornio","IK194",1824,1859,377,"muuttaneet",14.03.2008,"handrawn misc","handrawn misc"
558,"Tornio - Torneå","tornio","IK194-195",1860,1881,145,"muuttaneet",15.03.2008,"handrawn misc","handrawn misc"
558,"Tornio - Torneå","tornio","MKO11",1881,1883,12,"muuttaneet",15.03.2008,"print 1","print 1"
558,"Tornio - Torneå","tornio","MKO14",1881,1883,8,"muuttaneet",26.08.2008,"print 17","print 17"
558,"Tornio - Torneå","tornio","MKO11-13",1884,1901,65,"muuttaneet",15.03.2008,"print 1","print 1"
558,"Tornio - Torneå","tornio","MKO14-15",1884,1901,40,"muuttaneet",26.08.2008,"print 17","print 17"
558,"Tornio - Torneå","tornio","MKO16",1902,1907,30,"muuttaneet",14.03.2008,"print 16","print 16"
559,"Tottijärvi","tottijarvi","TK723",1804,1857,105,"muuttaneet",18.12.2010,"handrawn in/out","handrawn in/out"
559,"Tottijärvi","tottijarvi","TK723",1858,1885,36,"muuttaneet",18.12.2010,"handrawn in/out","handrawn in/out"
559,"Tottijärvi","tottijarvi","TK723",1886,1893,11,"muuttaneet",18.12.2010,"handrawn in/out","handrawn in/out"
559,"Tottijärvi","tottijarvi","AP",1894,1916,41,"muuttaneet",21.12.2016,"print 45","print 45"
561,"Turtola","turtola","AP_SIS",1880,1880,3,"muuttaneet",23.02.2022,"handrawn out","handrawn out"
561,"Turtola","turtola","AP_ULOS",1880,1880,4,"muuttaneet",23.02.2022,"handrawn out","handrawn out"
561,"Turtola","turtola","MKO1",1880,1880,3,"muuttaneet",22.04.2008,"handrawn misc","handrawn misc"
561,"Turtola","turtola","AP_SIS",1881,1920,51,"muuttaneet",23.02.2022,"print 1","print 1"
561,"Turtola","turtola","AP_ULOS",1881,1920,46,"muuttaneet",23.02.2022,"print 17","print 17"
561,"Turtola","turtola","MKO2",1881,1883,4,"muuttaneet",22.04.2008,"print 1","print 1"
561,"Turtola","turtola","MKO7",1881,1883,4,"muuttaneet",22.04.2008,"print 17","print 17"
561,"Turtola","turtola","MKO2",1884,1902,26,"muuttaneet",22.04.2008,"print 1","print 1"
561,"Turtola","turtola","MKO7",1884,1907,26,"muuttaneet",22.04.2008,"print 17","print 17"
566,"Turun linnan seurakunta - Åbo slottsförsamling","turun_linnan_seurakunta","AP",1805,1820,77,"muuttaneet",06.02.2015,"handrawn in/out","handrawn in/out"
568,"Turun ruotsalainen - Åbo svenska församling","turun_ruotsalainen","AP",1820,1836,136,"muuttaneet",01.02.2015,"handrawn in/out","handrawn in/out"
568,"Turun ruotsalainen - Åbo svenska församling","turun_ruotsalainen","AP",1825,1835,109,"muuttaneet",01.02.2015,"handrawn in/out","handrawn in/out"
568,"Turun ruotsalainen - Åbo svenska församling","turun_ruotsalainen","JK1126",1825,1835,113,"muuttaneet",18.08.2009,"handrawn in/out","handrawn in/out"
568,"Turun ruotsalainen - Åbo svenska församling","turun_ruotsalainen","AP",1835,1844,122,"muuttaneet",01.02.2015,"handrawn in/out","handrawn in/out"
568,"Turun ruotsalainen - Åbo svenska församling","turun_ruotsalainen","JK1126",1835,1845,125,"muuttaneet",18.08.2009,"handrawn in/out","handrawn in/out"
568,"Turun ruotsalainen - Åbo svenska församling","turun_ruotsalainen","AP",1837,1849,125,"muuttaneet",01.02.2015,"handrawn in/out","handrawn in/out"
568,"Turun ruotsalainen - Åbo svenska församling","turun_ruotsalainen","JK1126",1837,1845,28,"muuttaneet",18.08.2009,"handrawn in/out","handrawn in/out"
569,"Turun suomalainen - Åbo finska församling","turun_suomalainen","AP",1805,1810,95,"muuttaneet",30.01.2015,"handrawn in/out","handrawn in/out"
569,"Turun suomalainen - Åbo finska församling","turun_suomalainen","AP",1805,1812,94,"muuttaneet",30.01.2015,"handrawn in/out","handrawn in/out"
569,"Turun suomalainen - Åbo finska församling","turun_suomalainen","AP",1805,1819,73,"muuttaneet",30.01.2015,"handrawn in/out","handrawn in/out"
569,"Turun suomalainen - Åbo finska församling","turun_suomalainen","AP",1811,1818,191,"muuttaneet",30.01.2015,"handrawn misc","handrawn misc"
569,"Turun suomalainen - Åbo finska församling","turun_suomalainen","AP",1813,1835,198,"muuttaneet",30.01.2015,"handrawn in/out","handrawn in/out"
569,"Turun suomalainen - Åbo finska församling","turun_suomalainen","AP",1819,1835,191,"muuttaneet",30.01.2015,"handrawn in/out","handrawn in/out"
569,"Turun suomalainen - Åbo finska församling","turun_suomalainen","AP",1820,1838,134,"muuttaneet",30.01.2015,"handrawn in/out","handrawn in/out"
569,"Turun suomalainen - Åbo finska församling","turun_suomalainen","AP",1836,1849,232,"muuttaneet",30.01.2015,"handrawn in/out","handrawn in/out"
569,"Turun suomalainen - Åbo finska församling","turun_suomalainen","AP",1836,1852,205,"muuttaneet",30.01.2015,"handrawn in/out","handrawn in/out"
569,"Turun suomalainen - Åbo finska församling","turun_suomalainen","AP",1839,1848,156,"muuttaneet",30.01.2015,"handrawn in/out","handrawn in/out"
571,"Turun tuomiokirkkosrk - Åbo domkyrkoförsamling","turun_tuomiokirkkosrk","AP",1845,1854,217,"muuttaneet",23.09.2013,"handrawn in/out","handrawn in/out"
571,"Turun tuomiokirkkosrk - Åbo domkyrkoförsamling","turun_tuomiokirkkosrk","AP",1849,1855,142,"muuttaneet",23.09.2013,"handrawn in/out","handrawn in/out"
571,"Turun tuomiokirkkosrk - Åbo domkyrkoförsamling","turun_tuomiokirkkosrk","AP_PIE",1850,1890,71,"muuttaneet",09.02.2016,"handrawn abroad","handrawn abroad"
571,"Turun tuomiokirkkosrk - Åbo domkyrkoförsamling","turun_tuomiokirkkosrk","AP",1853,1862,296,"muuttaneet",23.09.2013,"handrawn in/out","handrawn in/out"
571,"Turun tuomiokirkkosrk - Åbo domkyrkoförsamling","turun_tuomiokirkkosrk","AP",1855,1861,204,"muuttaneet",23.09.2013,"handrawn in/out","handrawn in/out"
571,"Turun tuomiokirkkosrk - Åbo domkyrkoförsamling","turun_tuomiokirkkosrk","AP",1856,1859,140,"muuttaneet",07.02.2015,"handrawn in/out","handrawn in/out"
571,"Turun tuomiokirkkosrk - Åbo domkyrkoförsamling","turun_tuomiokirkkosrk","AP_PIE",1859,1890,61,"muuttaneet",09.02.2016,"handrawn abroad","handrawn abroad"
571,"Turun tuomiokirkkosrk - Åbo domkyrkoförsamling","turun_tuomiokirkkosrk","AP",1860,1874,305,"muuttaneet",07.02.2015,"handrawn in/out","handrawn in/out"
571,"Turun tuomiokirkkosrk - Åbo domkyrkoförsamling","turun_tuomiokirkkosrk","AP",1862,1881,260,"muuttaneet",22.11.2023,"handrawn in/out","handrawn in/out"
571,"Turun tuomiokirkkosrk - Åbo domkyrkoförsamling","turun_tuomiokirkkosrk","AP",1863,1890,44,"muuttaneet",23.09.2013,"handrawn abroad","handrawn abroad"
571,"Turun tuomiokirkkosrk - Åbo domkyrkoförsamling","turun_tuomiokirkkosrk","AP",1863,1883,243,"muuttaneet",28.11.2023,"handrawn in/out","handrawn in/out"
571,"Turun tuomiokirkkosrk - Åbo domkyrkoförsamling","turun_tuomiokirkkosrk","AP_PIE",1863,1890,44,"muuttaneet",09.02.2016,"handrawn abroad","handrawn abroad"
571,"Turun tuomiokirkkosrk - Åbo domkyrkoförsamling","turun_tuomiokirkkosrk","AP",1875,1887,168,"muuttaneet",28.11.2023,"handrawn in/out","handrawn in/out"
571,"Turun tuomiokirkkosrk - Åbo domkyrkoförsamling","turun_tuomiokirkkosrk","AP",1882,1887,65,"muuttaneet",28.11.2023,"handrawn in/out","handrawn in/out"
571,"Turun tuomiokirkkosrk - Åbo domkyrkoförsamling","turun_tuomiokirkkosrk","AP",1884,1887,49,"muuttaneet",28.11.2023,"handrawn in/out","handrawn in/out"
571,"Turun tuomiokirkkosrk - Åbo domkyrkoförsamling","turun_tuomiokirkkosrk","AP",1887,1891,289,"muuttaneet",28.11.2023,"print 3","print 3"
571,"Turun tuomiokirkkosrk - Åbo domkyrkoförsamling","turun_tuomiokirkkosrk","AP",1892,1898,482,"muuttaneet",28.11.2023,"print 45","print 45"
571,"Turun tuomiokirkkosrk - Åbo domkyrkoförsamling","turun_tuomiokirkkosrk","AP",1898,1903,475,"muuttaneet",28.11.2023,"print 45","print 45"
571,"Turun tuomiokirkkosrk - Åbo domkyrkoförsamling","turun_tuomiokirkkosrk","AP",1903,1907,483,"muuttaneet",28.11.2023,"print 45","print 45"
571,"Turun tuomiokirkkosrk - Åbo domkyrkoförsamling","turun_tuomiokirkkosrk","AP",1908,1912,450,"muuttaneet",06.02.2024,"print 45","print 45"
571,"Turun tuomiokirkkosrk - Åbo domkyrkoförsamling","turun_tuomiokirkkosrk","AP",1912,1919,743,"muuttaneet",28.11.2023,"print 45","print 45"
572,"Tuulos","tuulos","MKO1",1872,1886,15,"muuttaneet",04.11.2011,"handrawn misc","handrawn misc"
572,"Tuulos","tuulos","MKO1",1887,1888,2,"muuttaneet",04.11.2011,"handrawn in/out","handrawn in/out"
572,"Tuulos","tuulos","AP",1888,1921,131,"muuttaneet",26.10.2022,"print 3","print 3"
572,"Tuulos","tuulos","MKO2-3",1888,1904,60,"muuttaneet",04.11.2011,"print 3","print 3"
573,"Tuupovaara","tuupovaara","AP",1902,1920,93,"muuttaneet",03.03.2023,"print 8","print 8"
573,"Tuupovaara","tuupovaara","MKO1-3",1902,1920,90,"muuttaneet",11.10.2017,"print 8","print 8"
574,"Tuusniemi","tuusniemi","MKO1-3B",1805,1822,91,"muuttaneet",20.03.2006,"free text in/out","free text in/out"
574,"Tuusniemi","tuusniemi","MKO4-7",1823,1834,99,"muuttaneet",22.03.2006,"free text in/out","free text in/out"
574,"Tuusniemi","tuusniemi","MKO8-10",1834,1882,75,"muuttaneet",22.03.2006,"handrawn misc","handrawn misc"
574,"Tuusniemi","tuusniemi","MKO10",1883,1884,7,"muuttaneet",28.02.2009,"handrawn in","handrawn in"
574,"Tuusniemi","tuusniemi","MKO12",1883,1884,6,"muuttaneet",28.02.2009,"handrawn out","handrawn out"
574,"Tuusniemi","tuusniemi","MKO10-11",1885,1888,12,"muuttaneet",28.02.2009,"handrawn in","handrawn in"
574,"Tuusniemi","tuusniemi","MKO12",1885,1888,17,"muuttaneet",28.02.2009,"handrawn out","handrawn out"
574,"Tuusniemi","tuusniemi","MKO13",1889,1897,30,"muuttaneet",28.02.2009,"print 1","print 1"
574,"Tuusniemi","tuusniemi","MKO17-18",1889,1900,60,"muuttaneet",28.02.2009,"print 17","print 17"
574,"Tuusniemi","tuusniemi","MKO14-16",1897,1916,76,"muuttaneet",02.04.2018,"print 1","print 1"
574,"Tuusniemi","tuusniemi","MKO19-23",1900,1916,130,"muuttaneet",02.04.2018,"print 17","print 17"
575,"Tuusula - Tusby","tuusula","AP_ULOS",1839,1870,134,"muuttaneet",17.11.2021,"free text","free text"
575,"Tuusula - Tusby","tuusula","TK323",1841,1851,112,"muuttaneet",03.02.2010,"free text","free text"
575,"Tuusula - Tusby","tuusula","AP_ULOS",1852,1854,108,"muuttaneet",17.11.2021,"free text","free text"
575,"Tuusula - Tusby","tuusula","MKO1-4",1852,1889,105,"muuttaneet",04.08.2010,"free text","free text"
575,"Tuusula - Tusby","tuusula","AP",1888,1904,136,"muuttaneet",17.11.2021,"print 3","print 3"
575,"Tuusula - Tusby","tuusula","MKO1-5",1888,1904,130,"muuttaneet",09.03.2010,"print 3","print 3"
575,"Tuusula - Tusby","tuusula","AP_SIS",1905,1934,145,"muuttaneet",11.11.2019,"print 2","print 2"
575,"Tuusula - Tusby","tuusula","AP_ULOS",1905,1936,146,"muuttaneet",11.11.2019,"print 7","print 7"
576,"Tyrnävä","tyrnava","MKO271",1880,1891,21,"muuttaneet",12.07.2016,"print 1","print 1"
576,"Tyrnävä","tyrnava","MKO275",1880,1891,28,"muuttaneet",12.07.2016,"print 17","print 17"
576,"Tyrnävä","tyrnava","MKO271-272",1892,1906,39,"muuttaneet",12.07.2016,"print 1","print 1"
576,"Tyrnävä","tyrnava","MKO275-276",1892,1900,32,"muuttaneet",12.07.2016,"print 17","print 17"
577,"Tyrväntö","tyrvanto","AP_SIS",1818,1862,95,"muuttaneet",04.01.2022,"handrawn in","handrawn in"
577,"Tyrväntö","tyrvanto","AP_ULOS",1818,1858,94,"muuttaneet",04.01.2022,"handrawn out","handrawn out"
577,"Tyrväntö","tyrvanto","MKO121-123",1818,1862,89,"muuttaneet",04.08.2011,"handrawn in","handrawn in"
577,"Tyrväntö","tyrvanto","MKO124-126",1818,1858,89,"muuttaneet",04.08.2011,"handrawn out","handrawn out"
577,"Tyrväntö","tyrvanto","AP_ULOS",1859,1920,77,"muuttaneet",04.01.2022,"handrawn out","handrawn out"
577,"Tyrväntö","tyrvanto","MKO129",1859,1878,30,"muuttaneet",04.08.2011,"handrawn out","handrawn out"
577,"Tyrväntö","tyrvanto","AP_SIS",1863,1920,64,"muuttaneet",04.01.2022,"handrawn in","handrawn in"
577,"Tyrväntö","tyrvanto","MKO127",1863,1886,27,"muuttaneet",04.08.2011,"handrawn in","handrawn in"
577,"Tyrväntö","tyrvanto","MKO127-128",1887,1910,21,"muuttaneet",04.08.2011,"handrawn in","handrawn in"
577,"Tyrväntö","tyrvanto","MKO128",1911,1921,9,"muuttaneet",05.01.2018,"handrawn in","handrawn in"
578,"Tyrvää","tyrvaa","AP",1804,1836,62,"muuttaneet",14.04.2018,"handrawn misc","handrawn misc"
578,"Tyrvää","tyrvaa","AP",1837,1872,180,"muuttaneet",14.04.2018,"handrawn in/out","handrawn in/out"
578,"Tyrvää","tyrvaa","AP",1873,1890,92,"muuttaneet",10.09.2021,"handrawn in/out","handrawn in/out"
578,"Tyrvää","tyrvaa","MKO9-10",1873,1885,60,"muuttaneet",02.12.2010,"handrawn in/out","handrawn in/out"
578,"Tyrvää","tyrvaa","MKO11",1886,1890,26,"muuttaneet",02.12.2010,"handrawn in/out","handrawn in/out"
578,"Tyrvää","tyrvaa","AP",1890,1912,195,"muuttaneet",28.04.2012,"print 45","print 45"
578,"Tyrvää","tyrvaa","MKO12-15",1890,1905,120,"muuttaneet",02.12.2010,"print 45","print 45"
578,"Tyrvää","tyrvaa","AP",1916,1926,61,"muuttaneet",10.09.2021,"print 45","print 45"
580,"Töysä","toysa","UK322",1809,1825,20,"muuttaneet",30.01.2009,"handrawn","handrawn"
580,"Töysä","toysa","UK322",1826,1851,45,"muuttaneet",30.01.2009,"handrawn out/in","handrawn out/in"
580,"Töysä","toysa","UK322",1852,1885,45,"muuttaneet",30.01.2009,"handrawn out/in","handrawn out/in"
580,"Töysä","toysa","UK322",1885,1890,10,"muuttaneet",30.01.2009,"handrawn out/in","handrawn out/in"
580,"Töysä","toysa","AP",1890,1923,78,"muuttaneet",22.12.2023,"print 45","print 45"
580,"Töysä","toysa","MKO6",1890,1897,27,"muuttaneet",30.01.2009,"print 45:4-27","print 45:4-27"
581,"Ullava","ullava","AP",1806,1872,127,"muuttaneet",27.01.2023,"handrawn misc","handrawn misc"
581,"Ullava","ullava","AP",1809,1861,32,"muuttaneet",27.01.2023,"handrawn in/out","handrawn in/out"
581,"Ullava","ullava","AP",1862,1900,45,"muuttaneet",27.01.2023,"handrawn in/out","handrawn in/out"
582,"Ulvila - Ulvsby","ulvila","AP",1806,1855,181,"muuttaneet",02.11.2016,"handrawn in/out","handrawn in/out"
582,"Ulvila - Ulvsby","ulvila","JK139",1806,1856,187,"muuttaneet",23.07.2010,"handrawn in/out","handrawn in/out"
582,"Ulvila - Ulvsby","ulvila","MKO1-7",1806,1855,177,"muuttaneet",23.07.2010,"handrawn in/out","handrawn in/out"
582,"Ulvila - Ulvsby","ulvila","AP",1853,1856,16,"muuttaneet",02.11.2016,"handrawn out","handrawn out"
582,"Ulvila - Ulvsby","ulvila","JK139",1853,1856,18,"muuttaneet",23.07.2010,"handrawn out","handrawn out"
582,"Ulvila - Ulvsby","ulvila","AP",1856,1886,131,"muuttaneet",24.10.2011,"handrawn in/out","handrawn in/out"
582,"Ulvila - Ulvsby","ulvila","MKO8-12",1856,1885,126,"muuttaneet",23.07.2010,"handrawn in/out","handrawn in/out"
582,"Ulvila - Ulvsby","ulvila","AP",1857,1862,22,"muuttaneet",24.10.2011,"handrawn out","handrawn out"
582,"Ulvila - Ulvsby","ulvila","JK139",1857,1862,28,"muuttaneet",23.07.2010,"handrawn out","handrawn out"
582,"Ulvila - Ulvsby","ulvila","MKO12-13",1886,1899,49,"muuttaneet",23.07.2010,"handrawn in/out","handrawn in/out"
582,"Ulvila - Ulvsby","ulvila","AP",1887,1899,47,"muuttaneet",24.10.2011,"handrawn in/out","handrawn in/out"
582,"Ulvila - Ulvsby","ulvila","AP",1900,1910,98,"muuttaneet",24.10.2011,"print 45","print 45"
582,"Ulvila - Ulvsby","ulvila","MKO14",1900,1905,30,"muuttaneet",23.07.2010,"print 45","print 45"
583,"Urjala","urjala","TK666",1766,1826,110,"muuttaneet",19.12.2010,"halfbook","halfbook"
583,"Urjala","urjala","TK666",1827,1843,79,"muuttaneet",19.12.2010,"handrawn in/out","handrawn in/out"
583,"Urjala","urjala","AP",1844,1872,95,"muuttaneet",10.11.2022,"handrawn in/out","handrawn in/out"
583,"Urjala","urjala","MKO1-4",1844,1872,92,"muuttaneet",03.08.2010,"handrawn in/out","handrawn in/out"
583,"Urjala","urjala","AP",1873,1889,75,"muuttaneet",31.05.2016,"handrawn in/out","handrawn in/out"
583,"Urjala","urjala","MKO5-6",1873,1885,49,"muuttaneet",03.08.2010,"handrawn in/out","handrawn in/out"
583,"Urjala","urjala","MKO6-7",1886,1889,18,"muuttaneet",03.08.2010,"handrawn in/out","handrawn in/out"
583,"Urjala","urjala","AP",1890,1899,85,"muuttaneet",31.05.2016,"print 45","print 45"
583,"Urjala","urjala","MKO8-10",1890,1899,79,"muuttaneet",03.08.2010,"print 45","print 45"
583,"Urjala","urjala","AP",1900,1920,216,"muuttaneet",03.09.2021,"print 2:1-89, print 7:90-216","print 2:1-89, print 7:90-216"
583,"Urjala","urjala","MKO11-12",1900,1910,47,"muuttaneet",03.08.2010,"print 2","print 2"
583,"Urjala","urjala","MKO15-17",1900,1910,74,"muuttaneet",03.08.2010,"print 7","print 7"
584,"Uskela","uskela","JK895",1736,1758,16,"muuttaneet",01.12.2010,"free text","free text"
584,"Uskela","uskela","AP",1805,1831,30,"muuttaneet",08.07.2021,"handrawn in/out","handrawn in/out"
584,"Uskela","uskela","JK890",1805,1831,32,"muuttaneet",16.09.2009,"handrawn misc","handrawn misc"
584,"Uskela","uskela","JK890",1812,1862,178,"muuttaneet",16.09.2009,"halfbook:1-27, handrawn in/out:28-178","halfbook:1-27, handrawn in/out:28-178"
584,"Uskela","uskela","MKO1-4",1863,1884,93,"muuttaneet",16.09.2009,"handrawn in/out","handrawn in/out"
584,"Uskela","uskela","MKO1-4",1863,1889,118,"muuttaneet",25.05.2014,"handrawn misc","handrawn misc"
584,"Uskela","uskela","MKO4-7",1885,1903,98,"muuttaneet",16.09.2009,"handrawn out/in:1-68, print 45:69-98","handrawn out/in:1-68, print 45:69-98"
584,"Uskela","uskela","MKO5-6",1890,1897,43,"muuttaneet",25.05.2014,"handrawn out/in","handrawn out/in"
584,"Uskela","uskela","MKO7",1898,1903,30,"muuttaneet",25.05.2014,"print 45","print 45"
584,"Uskela","uskela","AP",1903,1932,202,"muuttaneet",09.03.2018,"print 45","print 45"
585,"Utajärvi","utajarvi","IK106",1826,1884,96,"muuttaneet",24.05.2008,"handrawn misc","handrawn misc"
585,"Utajärvi","utajarvi","MKO262",1885,1900,30,"muuttaneet",30.09.2009,"handrawn in","handrawn in"
585,"Utajärvi","utajarvi","MKO265-266",1885,1908,60,"muuttaneet",30.09.2009,"handrawn out","handrawn out"
585,"Utajärvi","utajarvi","AP",1900,1914,33,"muuttaneet",11.03.2014,"handrawn in","handrawn in"
585,"Utajärvi","utajarvi","AP",1908,1914,17,"muuttaneet",11.03.2014,"handrawn out","handrawn out"
586,"Utsjoki","utsjoki","IK538",1806,1887,46,"muuttaneet",05.05.2008,"handrawn misc:1-23, halfbook misc:24-43, handrawn misc:44-46","handrawn misc:1-23, halfbook misc:24-43, handrawn misc:44-46"
586,"Utsjoki","utsjoki","AP_ULOS",1880,1923,15,"muuttaneet",16.11.2022,"handrawn out","handrawn out"
586,"Utsjoki","utsjoki","IK538",1888,1922,25,"muuttaneet",05.05.2008,"handrawn misc","handrawn misc"
587,"Uukuniemi","uukuniemi","MKO1",1849,1858,10,"muuttaneet",28.02.2013,"print 53","print 53"
587,"Uukuniemi","uukuniemi","MKO3",1870,1888,13,"muuttaneet",28.02.2013,"handrawn out","handrawn out"
587,"Uukuniemi","uukuniemi","MKO3",1888,1907,17,"muuttaneet",28.02.2013,"handrawn","handrawn"
588,"Uurainen","uurainen","AP",1870,1890,40,"muuttaneet",21.04.2015,"handrawn out/in","handrawn out/in"
589,"Uusikaarlepyyn kaupunki- ja maasrk - Nykarleby stads- och landsförsamling","uusikaarlepyyn_kaupunki-_ja_maasrk","AP",1751,1835,154,"muuttaneet",30.09.2022,"halfbook","halfbook"
589,"Uusikaarlepyyn kaupunki- ja maasrk - Nykarleby stads- och landsförsamling","uusikaarlepyyn_kaupunki-_ja_maasrk","AP",1836,1849,140,"muuttaneet",30.09.2022,"halfbook misc","halfbook misc"
589,"Uusikaarlepyyn kaupunki- ja maasrk - Nykarleby stads- och landsförsamling","uusikaarlepyyn_kaupunki-_ja_maasrk","AP",1849,1856,142,"muuttaneet",30.09.2022,"halfbook misc","halfbook misc"
589,"Uusikaarlepyyn kaupunki- ja maasrk - Nykarleby stads- och landsförsamling","uusikaarlepyyn_kaupunki-_ja_maasrk","AP_ULOS",1856,1903,183,"muuttaneet",30.09.2022,"halfbook out:1-116, handrawn out:117-183","halfbook out:1-116, handrawn out:117-183"
589,"Uusikaarlepyyn kaupunki- ja maasrk - Nykarleby stads- och landsförsamling","uusikaarlepyyn_kaupunki-_ja_maasrk","AP_SIS",1857,1903,141,"muuttaneet",30.09.2022,"halfbook in:1-86, handrawn in:87-141","halfbook in:1-86, handrawn in:87-141"
589,"Uusikaarlepyyn kaupunki- ja maasrk - Nykarleby stads- och landsförsamling","uusikaarlepyyn_kaupunki-_ja_maasrk","AP",1904,1920,57,"muuttaneet",30.09.2022,"print 45","print 45"
589,"Uusikaarlepyyn kaupunki- ja maasrk - Nykarleby stads- och landsförsamling","uusikaarlepyyn_kaupunki-_ja_maasrk","MKO30",1904,1912,30,"muuttaneet",24.01.2017,"print 45","print 45"
590,"Uusikaupunki - Nystad","uusikaupunki","MKO2-6",1805,1819,135,"muuttaneet",11.04.2013,"handrawn misc:1-23, halfbook:24-135","handrawn misc:1-23, halfbook:24-135"
590,"Uusikaupunki - Nystad","uusikaupunki","KSRK_MKO7-15",1820,1840,246,"muuttaneet",11.04.2013,"halfbook","halfbook"
590,"Uusikaupunki - Nystad","uusikaupunki","MSRK_MKO1-2",1821,1835,54,"muuttaneet",10.10.2013,"halfbook in/out","halfbook in/out"
590,"Uusikaupunki - Nystad","uusikaupunki","KSRK_MKO16-20",1847,1862,94,"muuttaneet",11.04.2013,"handrawn misc","handrawn misc"
590,"Uusikaupunki - Nystad","uusikaupunki","KSRK_MKO21-22",1859,1888,42,"muuttaneet",11.04.2013,"handrawn in","handrawn in"
590,"Uusikaupunki - Nystad","uusikaupunki","KSRK_MKO1",1862,1862,6,"muuttaneet",11.04.2013,"free text","free text"
590,"Uusikaupunki - Nystad","uusikaupunki","KSRK_MKO23-24",1863,1888,41,"muuttaneet",11.04.2013,"handrawn out","handrawn out"
590,"Uusikaupunki - Nystad","uusikaupunki","KSRK_MKO22",1889,1890,5,"muuttaneet",11.04.2013,"handrawn in","handrawn in"
590,"Uusikaupunki - Nystad","uusikaupunki","KSRK_MKO24",1889,1890,4,"muuttaneet",11.04.2013,"handrawn out","handrawn out"
590,"Uusikaupunki - Nystad","uusikaupunki","KSRK_MKO25-27",1891,1907,90,"muuttaneet",11.04.2013,"print 45","print 45"
593,"Vaasa - Vasa","vaasa","MKO812-817",1862,1888,131,"muuttaneet",14.03.2013,"handrawn in","handrawn in"
593,"Vaasa - Vasa","vaasa","MKO866-868",1862,1888,83,"muuttaneet",14.03.2013,"handrawn out","handrawn out"
593,"Vaasa - Vasa","vaasa","MKO817",1889,1890,14,"muuttaneet",14.03.2013,"handrawn in","handrawn in"
593,"Vaasa - Vasa","vaasa","MKO868-869",1889,1890,8,"muuttaneet",14.03.2013,"handrawn out","handrawn out"
593,"Vaasa - Vasa","vaasa","MKO818-823",1891,1899,173,"muuttaneet",14.03.2013,"print 45","print 45"
593,"Vaasa - Vasa","vaasa","MKO824",1900,1902,30,"muuttaneet",14.03.2013,"print 19","print 19"
593,"Vaasa - Vasa","vaasa","MKO870",1900,1905,29,"muuttaneet",14.03.2013,"print 18","print 18"
596,"Vahto","vahto","AP",1805,1848,48,"muuttaneet",12.03.2021,"handrawn in/out","handrawn in/out"
596,"Vahto","vahto","MKO1-2",1849,1888,56,"muuttaneet",25.07.2013,"handrawn in/out","handrawn in/out"
596,"Vahto","vahto","MKO2-3",1889,1906,28,"muuttaneet",25.07.2013,"handrawn in/out","handrawn in/out"
599,"Valkeala","valkeala","MKO597-599",1880,1890,68,"muuttaneet",29.06.2015,"print 3","print 3"
599,"Valkeala","valkeala","MKO599-603",1891,1901,122,"muuttaneet",29.06.2015,"print 3","print 3"
599,"Valkeala","valkeala","MKO604-613",1902,1910,293,"muuttaneet",29.06.2015,"print 8","print 8"
599,"Valkeala","valkeala","AP",1910,1916,297,"muuttaneet",31.05.2023,"print 16","print 16"
599,"Valkeala","valkeala","MKO614",1910,1911,30,"muuttaneet",29.06.2015,"print 16","print 16"
599,"Valkeala","valkeala","AP",1917,1922,110,"muuttaneet",31.05.2023,"print 15","print 15"
600,"Valkjärvi","valkjarvi","MKO333",1874,1879,16,"muuttaneet",10.02.2015,"free text","free text"
600,"Valkjärvi","valkjarvi","MKO334",1880,1890,24,"muuttaneet",10.02.2015,"print 3","print 3"
600,"Valkjärvi","valkjarvi","MKO334",1891,1893,6,"muuttaneet",10.02.2015,"print 3","print 3"
601,"Valtimo","valtimo","AP",1908,1937,96,"muuttaneet",18.11.2022,"print 16","print 16"
601,"Valtimo","valtimo","MKO1-2",1908,1922,60,"muuttaneet",11.10.2017,"print 16","print 16"
602,"Vampula","vampula","AP",1808,1863,91,"muuttaneet",06.02.2016,"handrawn misc:1-84, empty:85-91","handrawn misc:1-84, empty:85-91"
602,"Vampula","vampula","JK974",1808,1863,85,"muuttaneet",14.07.2008,"handrawn in/out","handrawn in/out"
602,"Vampula","vampula","MKO4-5",1864,1885,50,"muuttaneet",06.02.2010,"handrawn misc","handrawn misc"
602,"Vampula","vampula","MKO5",1885,1889,10,"muuttaneet",06.02.2010,"handrawn out/in","handrawn out/in"
602,"Vampula","vampula","AP",1890,1904,44,"muuttaneet",01.02.2012,"handrawn in/out","handrawn in/out"
602,"Vampula","vampula","MKO6-7",1890,1904,41,"muuttaneet",06.02.2010,"handrawn in/out","handrawn in/out"
602,"Vampula","vampula","AP",1905,1912,106,"muuttaneet",21.12.2013,"print 45","print 45"
602,"Vampula","vampula","MKO8",1905,1909,30,"muuttaneet",06.02.2010,"print 45","print 45"
603,"Vanaja - Vånå","vanaja","MKO256-261",1842,1886,165,"muuttaneet",04.11.2011,"handrawn out/in","handrawn out/in"
603,"Vanaja - Vånå","vanaja","MKO261",1887,1890,15,"muuttaneet",04.11.2011,"handrawn:1-11, free text out:12-15","handrawn:1-11, free text out:12-15"
603,"Vanaja - Vånå","vanaja","MKO262",1891,1899,30,"muuttaneet",04.11.2011,"print 45","print 45"
604,"Varkaus","varkaus","MKO1-5",1866,1882,41,"muuttaneet",28.02.2008,"handrawn misc","handrawn misc"
604,"Varkaus","varkaus","MKO6-8",1883,1906,72,"muuttaneet",28.02.2008,"handrawn misc:1-47, print 8:48-72","handrawn misc:1-47, print 8:48-72"
607,"Vehkalahti - Veckelax","vehkalahti","AP",1890,1922,171,"muuttaneet",17.10.2023,"print 10:1-74, print 7:75-171","print 10:1-74, print 7:75-171"
607,"Vehkalahti - Veckelax","vehkalahti","MKO493",1890,1904,30,"muuttaneet",22.02.2017,"print 10","print 10"
607,"Vehkalahti - Veckelax","vehkalahti","MKO496-498",1890,1920,90,"muuttaneet",22.02.2017,"print 7","print 7"
608,"Vehmaa - Vemo","vehmaa","AP",1791,1815,49,"muuttaneet",18.11.2012,"wrong:1-12, handrawn misc:13-49","wrong:1-12, handrawn misc:13-49"
608,"Vehmaa - Vemo","vehmaa","AP",1822,1858,92,"muuttaneet",18.11.2012,"halfbook out/in:1-34, handrawn misc:35-92","halfbook out/in:1-34, handrawn misc:35-92"
608,"Vehmaa - Vemo","vehmaa","MKO1-3",1859,1890,72,"muuttaneet",29.03.2014,"handrawn misc","handrawn misc"
608,"Vehmaa - Vemo","vehmaa","AP",1891,1922,108,"muuttaneet",29.02.2024,"print 45","print 45"
608,"Vehmaa - Vemo","vehmaa","MKO4-6",1891,1916,90,"muuttaneet",10.01.2015,"print 45","print 45"
611,"Velkua","velkua","AP",1809,1835,42,"muuttaneet",13.03.2021,"handrawn in/out","handrawn in/out"
611,"Velkua","velkua","JK746",1809,1835,43,"muuttaneet",27.11.2009,"handrawn in/out","handrawn in/out"
611,"Velkua","velkua","AP",1836,1867,37,"muuttaneet",13.03.2021,"handrawn in/out","handrawn in/out"
611,"Velkua","velkua","JK746",1836,1867,39,"muuttaneet",27.11.2009,"handrawn in/out","handrawn in/out"
612,"Vesanto","vesanto","MKO1-3",1858,1875,65,"muuttaneet",03.02.2012,"handrawn in/out","handrawn in/out"
612,"Vesanto","vesanto","MKO4",1876,1879,15,"muuttaneet",15.01.2012,"handrawn in/out","handrawn in/out"
612,"Vesanto","vesanto","MKO5",1880,1887,19,"muuttaneet",15.01.2012,"Print 1","print 1"
612,"Vesanto","vesanto","MKO8",1880,1887,27,"muuttaneet",15.01.2012,"Print 17","print 17"
612,"Vesanto","vesanto","MKO5-7",1888,1900,44,"muuttaneet",15.01.2012,"print 1","print 1"
612,"Vesanto","vesanto","MKO8-10",1888,1900,47,"muuttaneet",15.01.2012,"print 17","print 17"
612,"Vesanto","vesanto","MKO11",1901,1907,30,"muuttaneet",15.01.2012,"print 8","print 8"
612,"Vesanto","vesanto","MKO12-13",1907,1917,60,"muuttaneet",10.10.2021,"print 8","print 8"
613,"Vesilahti","vesilahti","AP",1861,1884,116,"muuttaneet",14.09.2015,"handrawn in/out","handrawn in/out"
613,"Vesilahti","vesilahti","MKO1-4",1861,1884,112,"muuttaneet",18.06.2010,"handrawn in/out","handrawn in/out"
613,"Vesilahti","vesilahti","AP",1885,1890,26,"muuttaneet",14.09.2015,"handrawn in/out","handrawn in/out"
613,"Vesilahti","vesilahti","MKO5-6",1885,1892,32,"muuttaneet",18.06.2010,"handrawn in/out","handrawn in/out"
613,"Vesilahti","vesilahti","AP",1891,1892,14,"muuttaneet",14.09.2015,"handrawn in/out","handrawn in/out"
613,"Vesilahti","vesilahti","AP",1893,1913,203,"muuttaneet",14.09.2015,"print 45","print 45"
613,"Vesilahti","vesilahti","MKO7-12",1893,1911,178,"muuttaneet",22.02.2012,"print 45","print 45"
613,"Vesilahti","vesilahti","AP_SIS",1913,1940,74,"muuttaneet",15.03.2024,"print 2","print 2"
614,"Veteli - Vetil","veteli","AP",1806,1852,83,"muuttaneet",20.01.2023,"handrawn in/out:1-60, halfbook in/out:61-83","handrawn in/out:1-60, halfbook in/out:61-83"
614,"Veteli - Vetil","veteli","AP",1853,1907,91,"muuttaneet",20.01.2023,"halfbook in/out:1-11, handrawn in/out:12-91","halfbook in/out:1-11, handrawn in/out:12-91"
615,"Viaporin linnoitussrk - Sveaborgs fästningsf","viaporin_linnoitussrk","ES3198",1850,1876,45,"muuttaneet",11.06.2010,"halfbook:1-20, handrawn:21-45","halfbook:1-20, handrawn:21-45"
615,"Viaporin linnoitussrk - Sveaborgs fästningsf","viaporin_linnoitussrk","ES3198",1887,1898,18,"muuttaneet",11.06.2010,"handrawn out","handrawn out"
615,"Viaporin linnoitussrk - Sveaborgs fästningsf","viaporin_linnoitussrk","OS396_SISAAN",1893,1907,6,"muuttaneet",09.12.2010,"handrawn in","handrawn in"
615,"Viaporin linnoitussrk - Sveaborgs fästningsf","viaporin_linnoitussrk","OS396_ULOS",1893,1907,5,"muuttaneet",09.12.2010,"handrawn out","handrawn out"
621,"Vihanti","vihanti","MKO317",1881,1891,28,"muuttaneet",22.01.2016,"print 1","print 1"
621,"Vihanti","vihanti","MKO319",1882,1891,30,"muuttaneet",22.01.2016,"print 17","print 17"
621,"Vihanti","vihanti","MKO317-318",1892,1902,23,"muuttaneet",22.01.2016,"print 1","print 1"
621,"Vihanti","vihanti","MKO320-321",1892,1902,32,"muuttaneet",22.01.2016,"print 17","print 17"
621,"Vihanti","vihanti","MKO322",1902,1909,30,"muuttaneet",22.01.2016,"print 16","print 16"
622,"Vihti - Vichtis","vihti","AP",1796,1810,86,"muuttaneet",22.08.2023,"handrawn in/out:1-48, wrong:49-86","handrawn in/out:1-48, wrong:49-86"
622,"Vihti - Vichtis","vihti","AP",1811,1841,146,"muuttaneet",23.08.2023,"handrawn in/out","handrawn in/out"
622,"Vihti - Vichtis","vihti","AP",1841,1884,189,"muuttaneet",23.08.2023,"handrawn in/out","handrawn in/out"
622,"Vihti - Vichtis","vihti","MKO1-7",1841,1884,184,"muuttaneet",09.11.2016,"handrawn misc","handrawn misc"
622,"Vihti - Vichtis","vihti","AP",1885,1911,139,"muuttaneet",23.08.2023,"handrawn in/out","handrawn in/out"
622,"Vihti - Vichtis","vihti","MKO8-10",1885,1904,89,"muuttaneet",09.11.2016,"handrawn in/out","handrawn in/out"
627,"Viipuri - Viborg","viipuri","TKSRK_MKO761-764",1865,1874,145,"muuttaneet",14.11.2011,"handrawn","handrawn"
627,"Viipuri - Viborg","viipuri","TKSRK_MKO784-790",1866,1873,184,"muuttaneet",14.11.2011,"print 11","print 11"
627,"Viipuri - Viborg","viipuri","TKSRK_MKO791-797",1874,1881,190,"muuttaneet",14.11.2011,"print 11","print 11"
627,"Viipuri - Viborg","viipuri","TKSRK_MKO766-769",1875,1880,114,"muuttaneet",14.11.2011,"halfbook","halfbook"
627,"Viipuri - Viborg","viipuri","MSRK_MKO1055",1881,1886,48,"muuttaneet",12.11.2011,"print 3","print 3"
627,"Viipuri - Viborg","viipuri","MSRK_MKO1055-1059",1887,1896,96,"muuttaneet",12.11.2011,"print 3","print 3"
627,"Viipuri - Viborg","viipuri","MSRK_MKO1060-1061",1896,1900,60,"muuttaneet",12.11.2011,"print 10","print 10"
628,"Viitasaari","viitasaari","AP",1754,1840,82,"muuttaneet",07.08.2019,"halfbook","halfbook"
628,"Viitasaari","viitasaari","UK595",1754,1840,85,"muuttaneet",06.04.2006,"halfbook","halfbook"
628,"Viitasaari","viitasaari","AP",1841,1882,64,"muuttaneet",07.08.2019,"handrawn in/out","handrawn in/out"
628,"Viitasaari","viitasaari","MKO1-3",1841,1882,62,"muuttaneet",21.06.2007,"handrawn in/out","handrawn in/out"
628,"Viitasaari","viitasaari","UK595",1841,1882,64,"muuttaneet",06.04.2006,"handrawn in/out","handrawn in/out"
628,"Viitasaari","viitasaari","AP",1883,1889,21,"muuttaneet",07.08.2019,"print 3","print 3"
628,"Viitasaari","viitasaari","MKO4",1883,1889,20,"muuttaneet",21.06.2007,"print 3","print 3"
628,"Viitasaari","viitasaari","AP",1890,1917,91,"muuttaneet",07.08.2019,"print 7:1-39, print 10:40-91","print 7:1-39, print 10:40-91"
628,"Viitasaari","viitasaari","MKO5",1890,1903,30,"muuttaneet",21.06.2007,"print 7","print 7"
628,"Viitasaari","viitasaari","MKO8",1890,1908,30,"muuttaneet",21.06.2007,"print 10","print 10"
629,"Viljakkala","viljakkala","AP",1824,1840,55,"muuttaneet",16.05.2022,"handrawn misc","handrawn misc"
629,"Viljakkala","viljakkala","JK643",1824,1840,57,"muuttaneet",26.10.2008,"handrawn","handrawn"
629,"Viljakkala","viljakkala","AP",1840,1863,94,"muuttaneet",16.05.2022,"handrawn misc","handrawn misc"
629,"Viljakkala","viljakkala","JK643",1840,1863,92,"muuttaneet",21.10.2008,"handrawn misc","handrawn misc"
629,"Viljakkala","viljakkala","MKO1-4",1840,1863,85,"muuttaneet",12.06.2009,"handrawn misc","handrawn misc"
629,"Viljakkala","viljakkala","MKO5",1864,1884,23,"muuttaneet",12.06.2009,"handrawn in/out","handrawn in/out"
629,"Viljakkala","viljakkala","MKO5",1884,1890,8,"muuttaneet",12.06.2009,"handrawn misc","handrawn misc"
629,"Viljakkala","viljakkala","AP",1891,1915,52,"muuttaneet",09.07.2015,"print 45","print 45"
629,"Viljakkala","viljakkala","MKO6-7",1891,1906,30,"muuttaneet",12.06.2009,"print 45","print 45"
629,"Viljakkala","viljakkala","AP",1902,1914,30,"muuttaneet",09.07.2015,"print 6","print 6"
630,"Vilppula","vilppula","AP_SIS",1906,1918,66,"muuttaneet",30.11.2019,"print 7","print 7"
630,"Vilppula","vilppula","AP_ULOS",1906,1918,65,"muuttaneet",30.11.2019,"print 7","print 7"
630,"Vilppula","vilppula","MKO1",1906,1912,17,"muuttaneet",30.01.2013,"print 2","print 2"
631,"Vimpeli","vimpeli","UK57",1809,1834,20,"muuttaneet",23.12.2009,"handrawn in/out","handrawn in/out"
631,"Vimpeli","vimpeli","UK57",1835,1885,46,"muuttaneet",23.12.2009,"handrawn in/out","handrawn in/out"
631,"Vimpeli","vimpeli","UK57",1886,1899,37,"muuttaneet",23.12.2009,"handrawn in/out","handrawn in/out"
632,"Virolahti - Vederlax","virolahti","MKO1-3",1863,1884,67,"muuttaneet",29.09.2009,"handrawn out/in:1-27, halfbook out/in:28-67","handrawn out/in:1-27, halfbook out/in:28-67"
632,"Virolahti - Vederlax","virolahti","MKO3-12",1885,1909,253,"muuttaneet",29.09.2009,"halfbook out/in:1-46, print 10:47-253","halfbook out/in:1-46, print 10:47-253"
634,"Virrat - Virdois","virrat","UK501",1811,1812,2,"muuttaneet",27.09.2007,"free text out","free text out"
634,"Virrat - Virdois","virrat","UK501",1813,1841,89,"muuttaneet",22.09.2007,"handrawn in/out:1-14, halfbook misc:15-89","handrawn in/out:1-14, halfbook misc:15-89"
634,"Virrat - Virdois","virrat","UK501",1842,1883,107,"muuttaneet",27.09.2007,"halfbook in/out:1-63, handrawn in/out:64-107","halfbook in/out:1-63, handrawn in/out:64-107"
634,"Virrat - Virdois","virrat","UK501",1884,1890,24,"muuttaneet",21.09.2007,"handrawn in/out","handrawn in/out"
634,"Virrat - Virdois","virrat","MKO103-104",1891,1910,60,"muuttaneet",08.12.2010,"print 9","print 9"
640,"Vähäkyrö - Lillkyro","vahakyro","MKO457",1881,1891,20,"muuttaneet",31.05.2016,"print 3","print 3"
640,"Vähäkyrö - Lillkyro","vahakyro","MKO457",1892,1894,4,"muuttaneet",31.05.2016,"print 3","print 3"
640,"Vähäkyrö - Lillkyro","vahakyro","AP",1894,1922,86,"muuttaneet",13.12.2023,"print 45","print 45"
640,"Vähäkyrö - Lillkyro","vahakyro","MKO458",1894,1905,30,"muuttaneet",31.05.2016,"print 45","print 45"
641,"Värtsilä","vartsila","MKO1",1867,1879,13,"muuttaneet",01.11.2009,"handrawn in/out","handrawn in/out"
641,"Värtsilä","vartsila","MKO2",1880,1885,14,"muuttaneet",02.11.2009,"print 1","print 1"
641,"Värtsilä","vartsila","MKO4",1880,1885,10,"muuttaneet",02.11.2009,"print 17","print 17"
641,"Värtsilä","vartsila","MKO2-3",1886,1900,29,"muuttaneet",02.11.2009,"print 1","print 1"
641,"Värtsilä","vartsila","MKO4-5",1886,1901,29,"muuttaneet",02.11.2009,"print 17","print 17"
641,"Värtsilä","vartsila","MKO6-9",1901,1917,99,"muuttaneet",11.10.2017,"print 8","print 8"
642,"Västanfjärd","vastanfjard","AP",1816,1835,26,"muuttaneet",27.03.2014,"print 33","print 33"
642,"Västanfjärd","vastanfjard","JK633",1816,1835,28,"muuttaneet",30.12.2009,"print 33","print 33"
642,"Västanfjärd","vastanfjard","MKO1",1816,1835,25,"muuttaneet",15.03.2014,"print 33","print 33"
642,"Västanfjärd","vastanfjard","AP",1837,1871,48,"muuttaneet",16.03.2020,"handrawn in/out","handrawn in/out"
642,"Västanfjärd","vastanfjard","JK633",1837,1871,56,"muuttaneet",30.12.2009,"handrawn in/out","handrawn in/out"
642,"Västanfjärd","vastanfjard","MKO2-3",1837,1871,43,"muuttaneet",15.03.2014,"handrawn in/out","handrawn in/out"
642,"Västanfjärd","vastanfjard","AP",1872,1890,30,"muuttaneet",16.03.2020,"handrawn in/out","handrawn in/out"
642,"Västanfjärd","vastanfjard","MKO4",1872,1890,30,"muuttaneet",15.03.2014,"handrawn in/out","handrawn in/out"
642,"Västanfjärd","vastanfjard","AP",1891,1945,104,"muuttaneet",16.03.2020,"print 45","print 45"
642,"Västanfjärd","vastanfjard","MKO5",1891,1903,30,"muuttaneet",15.03.2014,"print 45","print 45"
643,"Vöyri - Vörå","voyri","MKO1-4",1873,1889,91,"muuttaneet",12.09.2014,"handrawn","handrawn"
643,"Vöyri - Vörå","voyri","MKO4",1890,1891,5,"muuttaneet",12.09.2014,"handrawn in/out","handrawn in/out"
643,"Vöyri - Vörå","voyri","MKO5",1891,1900,30,"muuttaneet",12.09.2014,"print 45","print 45"
644,"Ylihärmä","yliharma","UK40",1816,1828,51,"muuttaneet",29.01.2009,"halfbook in/out","halfbook in/out"
644,"Ylihärmä","yliharma","UK40",1829,1855,51,"muuttaneet",29.01.2009,"handrawn in/out","handrawn in/out"
644,"Ylihärmä","yliharma","UK40",1856,1884,73,"muuttaneet",29.01.2009,"handrawn misc","handrawn misc"
644,"Ylihärmä","yliharma","UK40",1885,1915,67,"muuttaneet",29.01.2009,"handrawn misc","handrawn misc"
645,"Ylikiiminki","ylikiiminki","MKO12",1880,1887,9,"muuttaneet",16.01.2012,"print 17","print 17"
645,"Ylikiiminki","ylikiiminki","MKO14",1880,1886,8,"muuttaneet",16.01.2012,"print 1","print 1"
645,"Ylikiiminki","ylikiiminki","MKO14",1886,1903,22,"muuttaneet",16.01.2012,"print 1","print 1"
645,"Ylikiiminki","ylikiiminki","MKO12",1887,1902,21,"muuttaneet",16.01.2012,"print 17","print 17"
645,"Ylikiiminki","ylikiiminki","MKO11",1889,1909,19,"muuttaneet",16.01.2012,"print 6","print 6"
647,"Ylistaro","ylistaro","UK155",1807,1817,36,"muuttaneet",12.03.2009,"handrawn misc","handrawn misc"
647,"Ylistaro","ylistaro","UK155",1818,1836,41,"muuttaneet",16.03.2009,"handrawn in","handrawn in"
647,"Ylistaro","ylistaro","UK155",1818,1837,32,"muuttaneet",16.03.2009,"handrawn out","handrawn out"
647,"Ylistaro","ylistaro","MKO5-6",1890,1906,60,"muuttaneet",06.08.2009,"print 5","print 5"
648,"Ylitornio","ylitornio","AP_SIS",1881,1892,24,"muuttaneet",02.10.2017,"print 1","print 1"
648,"Ylitornio","ylitornio","AP_ULOS",1881,1892,22,"muuttaneet",02.10.2017,"print 17","print 17"
648,"Ylitornio","ylitornio","AP_SIS",1893,1939,113,"muuttaneet",02.10.2017,"print 1","print 1"
648,"Ylitornio","ylitornio","AP_ULOS",1893,1939,117,"muuttaneet",02.10.2017,"print 17","print 17"
649,"Ylivieska","ylivieska","MKO4-6",1847,1887,77,"muuttaneet",14.07.2010,"handrawn misc","handrawn misc"
649,"Ylivieska","ylivieska","MKO1-2",1888,1908,60,"muuttaneet",14.07.2010,"print 1","print 1"
649,"Ylivieska","ylivieska","MKO4-5",1888,1906,60,"muuttaneet",14.07.2010,"print 17","print 17"
652,"Yläne","ylane","AP",1805,1843,110,"muuttaneet",16.09.2015,"handrawn in/out:1-38, free text:39-46, halfbook:47-75, handrawn in/out:76-97, halfbook:98-110","handrawn in/out:1-38, free text:39-46, halfbook:47-75, handrawn in/out:76-97, halfbook:98-110"
652,"Yläne","ylane","MKO1-4",1805,1843,94,"muuttaneet",27.04.2013,"halfbook:1-37, handrawn in/out:38-94","halfbook:1-37, handrawn in/out:38-94"
652,"Yläne","ylane","AP",1844,1870,96,"muuttaneet",16.09.2015,"handrawn in/out","handrawn in/out"
652,"Yläne","ylane","MKO5-8",1844,1870,91,"muuttaneet",27.04.2013,"handrawn in/out","handrawn in/out"
652,"Yläne","ylane","MKO9-11",1871,1882,67,"muuttaneet",27.04.2013,"handrawn in/out","handrawn in/out"
652,"Yläne","ylane","MKO12",1883,1888,27,"muuttaneet",27.04.2013,"print 3","print 3"
652,"Yläne","ylane","MKO12-16",1889,1907,123,"muuttaneet",27.04.2013,"print 3","print 3"
652,"Yläne","ylane","MKO17",1907,1915,30,"muuttaneet",06.01.2015,"print 3","print 3"
653,"Ylöjärvi","ylojarvi","TK222",1819,1822,11,"muuttaneet",12.05.2008,"handrawn misc","handrawn misc"
653,"Ylöjärvi","ylojarvi","TK225",1823,1843,47,"muuttaneet",28.03.2009,"handrawn in/out","handrawn in/out"
653,"Ylöjärvi","ylojarvi","AP",1844,1890,114,"muuttaneet",09.07.2015,"handrawn in/out","handrawn in/out"
653,"Ylöjärvi","ylojarvi","TK225",1844,1884,100,"muuttaneet",28.03.2009,"handrawn in/out","handrawn in/out"
653,"Ylöjärvi","ylojarvi","MKO4-6",1883,1904,78,"muuttaneet",01.11.2009,"handrawn in/out:1-18, print 45:19-78","handrawn in/out:1-18, print 45:19-78"
653,"Ylöjärvi","ylojarvi","TK225",1885,1890,16,"muuttaneet",28.03.2009,"handrawn in/out","handrawn in/out"
653,"Ylöjärvi","ylojarvi","AP",1891,1915,202,"muuttaneet",09.07.2015,"print 45","print 45"
654,"Ypäjä","ypaja","AP",1875,1891,45,"muuttaneet",29.05.2023,"handrawn in/out:1-31, wrong:32-45","handrawn in/out:1-31, wrong:32-45"
654,"Ypäjä","ypaja","MKO1",1875,1885,16,"muuttaneet",05.08.2010,"handrawn in/out","handrawn in/out"
654,"Ypäjä","ypaja","MKO1",1886,1891,11,"muuttaneet",05.08.2010,"handrawn in/out","handrawn in/out"
654,"Ypäjä","ypaja","AP",1892,1921,79,"muuttaneet",24.10.2022,"print 45","print 45"
654,"Ypäjä","ypaja","MKO3",1892,1903,30,"muuttaneet",05.08.2010,"print 45","print 45"
658,"Ähtäri - Etseri","ahtari","UK505-506",1816,1839,61,"muuttaneet",15.01.2008,"free text in/out","free text in/out"
658,"Ähtäri - Etseri","ahtari","UK506",1840,1860,45,"muuttaneet",15.01.2008,"handrawn in/out","handrawn in/out"
658,"Ähtäri - Etseri","ahtari","AP",1861,1890,71,"muuttaneet",28.08.2023,"handrawn in/out","handrawn in/out"
658,"Ähtäri - Etseri","ahtari","MKO1-3",1861,1890,66,"muuttaneet",26.03.2009,"handrawn in/out","handrawn in/out"
658,"Ähtäri - Etseri","ahtari","MKO4",1891,1900,30,"muuttaneet",26.03.2009,"print 45","print 45"
658,"Ähtäri - Etseri","ahtari","AP",1899,1920,108,"muuttaneet",05.12.2022,"print 45","print 45"
659,"Ähtävä - Esse","ahtava","AP_SIS",1738,1810,28,"muuttaneet",01.06.2022,"digital","digital"
659,"Ähtävä - Esse","ahtava","AP",1751,1760,7,"muuttaneet",01.06.2022,"halfbook misc","halfbook misc"
659,"Ähtävä - Esse","ahtava","MKO1",1751,1760,6,"muuttaneet",02.03.2017,"halfbook misc","halfbook misc"
659,"Ähtävä - Esse","ahtava","AP",1806,1808,2,"muuttaneet",01.06.2022,"free text misc","free text misc"
659,"Ähtävä - Esse","ahtava","AP",1811,1888,86,"muuttaneet",01.06.2022,"handrawn misc","handrawn misc"
659,"Ähtävä - Esse","ahtava","MKO1-4",1811,1888,86,"muuttaneet",02.03.2017,"handrawn misc","handrawn misc"
659,"Ähtävä - Esse","ahtava","AP",1889,1898,19,"muuttaneet",01.06.2022,"handrawn in/out","handrawn in/out"
659,"Ähtävä - Esse","ahtava","MKO5",1889,1892,5,"muuttaneet",02.03.2017,"handrawn in/out","handrawn in/out"
659,"Ähtävä - Esse","ahtava","MKO5",1892,1898,20,"muuttaneet",02.03.2017,"handrawn misc","handrawn misc"
659,"Ähtävä - Esse","ahtava","AP",1899,1921,48,"muuttaneet",01.06.2022,"print 45","print 45"
659,"Ähtävä - Esse","ahtava","MKO6-7",1899,1933,60,"muuttaneet",02.03.2017,"print 45","print 45"
661,"Äänekoski","aanekoski","AP_SIS",1907,1920,24,"muuttaneet",10.05.2022,"print 2","print 2"
661,"Äänekoski","aanekoski","AP_ULOS",1907,1920,22,"muuttaneet",10.05.2022,"print 7","print 7"
